FMID,MarketName,Website,Facebook,Twitter,Youtube,OtherMedia,street,city,County,State,zip,Season1Date,Season1Time,Season2Date,Season2Time,Season3Date,Season3Time,Season4Date,Season4Time,x,y,Location,Credit,WIC,WICcash,SFMNP,SNAP,Organic,Bakedgoods,Cheese,Crafts,Flowers,Eggs,Seafood,Herbs,Vegetables,Honey,Jams,Maple,Meat,Nursery,Nuts,Plants,Poultry,Prepared,Soap,Trees,Wine,Coffee,Beans,Fruits,Grains,Juices,Mushrooms,PetFood,Tofu,WildHarvested,updateTime
1019756,4.8 Lansdale Farmers' Market,https://www.lansdalefarmersmarket.org/,https://www.facebook.com/LansdaleFarmersMarket/,,,https://www.instagram.com/lansdalefarmersmarket/,400 Penn Street,Lansdale,Montgomery,Pennsylvania,19446,05/16/2020 to 11/21/2020,Sat: 9:00 AM-1:00 PM;,,,,,,,-75.277496,40.234201,,Y,N,Y,Y,N,Y,Y,Y,N,Y,Y,Y,Y,Y,Y,Y,Y,Y,N,N,N,Y,Y,Y,Y,N,Y,N,Y,N,Y,Y,Y,N,Y,2/10/2020 1:33:35 PM
1018093,18.5 Merchantville Market Off Centre,,https://www.facebook.com/merchantvillemarketoffcentre/,,,https://www.instagram.com/marketoffcentre/,N. Centre St. & Chestnut Ave.,Merchantville,Camden,New Jersey,08109,06/02/2018 to 10/27/2018,Sat: 10:00 AM-2:00 PM;,,,,,,,-75.0490757,39.9524734,,Y,N,N,N,N,N,N,N,Y,Y,Y,N,Y,Y,Y,Y,N,N,N,N,Y,N,Y,Y,N,N,N,N,Y,N,N,N,Y,N,N,7/26/2018 4:18:10 PM
1019708,19.6 Yardlet Farmers Market - Indoor Winter Market,http://www.yardleyfarmersmarket.com,https://www.facebook.com/YardleyFarmersMarket/,https://twitter.com/yardleyfarmmart,https://www.youtube.com/watch?v=rnt3Tcv_49A,https://www.instagram.com/yardleyfarmersmarket/,65 N. Main St.,Yardley borough,Bucks,Pennsylvania,19067,10/19/2019 to 04/18/2020,Sun: 9:00 AM-12:00 PM;,,,,,,,-74.841627,40.243417,,Y,N,N,N,Y,Y,Y,Y,Y,Y,Y,N,N,Y,Y,Y,N,Y,N,N,N,Y,Y,Y,N,N,Y,N,Y,N,Y,Y,N,N,Y,10/16/2019 11:19:52 AM
1018508,19.7 Yardley Farmers Market,http://yardleyfarmersmarket.com/,https://www.facebook.com/YardleyFarmersMarket/,https://twitter.com/yardleyfarmmart,https://www.youtube.com/channel/UCPyEWf4FdNUFUWiVQfiJdIA,https://www.instagram.com/yardleyfarmersmarket/,Buttonwood Park,Yardley borough,Bucks,Pennsylvania,19067,05/01/2017 to 10/07/2017,Sat: 9:00 AM-1:00 PM;,05/01/2018 to 10/20/2018,Sat: 9:00 AM-1:00 PM;,,,,,-74.839868,40.240633,,Y,N,N,N,N,Y,Y,Y,Y,Y,Y,N,Y,Y,Y,Y,N,Y,N,N,Y,Y,Y,Y,N,Y,Y,N,Y,N,Y,Y,Y,N,N,12/28/2018 7:38:03 AM
1019437,21.3 Swarthmore Farmers Market,http://www.swarthmorefarmersmarket.org/,https://www.facebook.com/swarthmorefarmersmarket/,https://twitter.com/SwatFarmersMkt,https://www.youtube.com/channel/UCafY0ksL3UOuX5qWTNCwptw/featured,https://www.instagram.com/swarthmorefarmersmarket/,121 Park Avenue,Swarthmore,Delaware,Pennsylvania,19081,05/11/2019 to 12/07/2019,Sat: 9:30 AM-1:30 PM;,,,,,,,-75.349110,39.901799,,Y,Y,N,Y,Y,N,Y,Y,Y,Y,Y,Y,Y,Y,Y,Y,Y,Y,N,N,Y,Y,Y,Y,N,Y,Y,N,Y,N,Y,Y,Y,N,N,3/22/2019 10:06:50 PM
1019854,24.3 Pennington Farmers Market,http://penningtonfarmersmarket.org,@PenningtonFarmersMkt,,,,101 Route 31 N,Pennington,Mercer,New Jersey,08534,06/06/2020 to 11/21/2020,Sat: 9:00 AM-1:00 PM;,,,,,,,-74.795475,40.349130,,Y,N,N,N,N,Y,Y,N,Y,Y,Y,N,Y,Y,Y,Y,Y,Y,N,N,N,Y,N,Y,N,Y,Y,N,Y,N,Y,Y,N,N,N,5/1/2020 4:19:10 PM
1019056,28.0 Hunterdon Land Trust Farmers Market,http://www.hunterdonlandtrust.org,https://www.facebook.com/HunterdonLandTrust,,,,111 Mine Street,Flemington,Hunterdon,New Jersey,08822,05/20/2018 to 11/18/2018,Sun: 9:00 AM-1:00 PM;,12/09/2018 to 05/05/2019,Sun: 11:00 AM-1:00 PM;,,,,,-74.8712780,40.5056638,,Y,N,Y,N,N,Y,Y,Y,N,Y,Y,N,Y,Y,Y,Y,N,Y,N,N,N,Y,Y,N,N,N,Y,N,Y,N,N,Y,N,N,N,4/15/2018 11:33:22 AM
1002657,28.2 Emmaus Farmers' Market,http://www.emmausmarket.com,https://www.facebook.com/EmmausFarmersMarket/,https://www.twitter.com/EmmausFarmMkt/,https://www.youtube.com/channel/UCX8tZUatO9ZyXRhoNJMiavg,https://www.instagram.com/emmausfarmmkt,235 Main St,Emmaus,Lehigh,Pennsylvania,18049,05/06/2018 to 11/25/2018,Sun: 10:00 AM-2:00 PM;,12/02/2018 to 12/30/2018,Sun: 10:00 AM-12:00 PM;,01/13/2019 to 04/28/2019,Sun: 10:00 AM-12:00 PM;,,,-75.4903,40.5366,,Y,N,Y,N,Y,Y,Y,Y,N,Y,Y,N,Y,Y,Y,Y,Y,Y,N,N,Y,Y,Y,N,N,Y,Y,N,Y,N,N,Y,Y,N,Y,7/26/2018 5:30:51 PM
1016867,29.3 Downingtown Farmers Market,http://growingrootspartners.com,https://www.facebook.com/DowningtownFarmersMarket/,,,Instagram:  downingtownfm,1 Park Lane,Downingtown,Chester,Pennsylvania,19335,05/01/2018 to 12/01/2018,Sat: 9:00 AM-1:00 PM;,01/01/2019 to 04/01/2019,Sat: 10:00 AM-12:00 PM;,,,,,-75.705606,40.007243,,Y,Y,N,Y,N,N,Y,Y,Y,Y,Y,N,Y,Y,Y,Y,Y,Y,N,N,N,Y,N,Y,N,Y,Y,N,Y,Y,Y,Y,Y,N,N,7/26/2018 4:29:48 PM
1012466,32.4 Fresh2You Mobile Market,http://chestercountyfoodbank.org/programs/fresh2you/,@fresh2youmarket,@fresh2youmarket,https://www.youtube.com/watch?v=Mlagghq7cgA,,,"Phoenixville, Pottstown, Coatesville, Parkesburg, West Chester, Kennett Square and Oxford",Chester,Pennsylvania,,06/12/2018 to 11/17/2018,Tue: 10:00 AM-5:00 PM;Wed: 11:00 AM-5:00 PM;Thu: 9:00 AM-3:00 PM;Fri: 10:00 AM-12:00 PM;Sat: 10:00 AM-1:00 PM;,,,,,,,-75.748454,39.9731925,,Y,Y,N,Y,Y,N,N,N,N,N,Y,N,Y,Y,Y,N,N,N,N,N,N,N,N,N,N,N,N,Y,Y,Y,N,N,N,N,N,7/26/2018 5:07:55 PM
1021244,35.7 KSQ Farmers Market,http://ksqfarmersmarket.com,facebook.com/ksqfarmersmarket,,,Instagram: ksqfarmersmarket,401 Birch St,Kennett Square,Chester,Pennsylvania,19348,11/20/2020 to 12/18/2020,Fri: 3:00 PM-5:00 PM;,,,,,,,-75.705331,39.842787,,Y,Y,N,Y,N,Y,Y,Y,N,N,Y,N,N,Y,Y,Y,Y,Y,N,N,N,Y,Y,Y,N,Y,Y,N,N,Y,N,Y,N,N,N,11/19/2020 12:18:50 AM
1019640,37.2 Northampton Pa Farmers Market,,Northampton Pa Farmers Market,,,,1401 Laubach Avenue Municipal Park,Northampton ,Northampton,Pennsylvania,18067,05/14/2019 to 09/17/2019,Tue: 3:00 AM-6:30 PM;,,,,,,,-75.489035,40.684278,,Y,N,Y,Y,Y,N,Y,N,Y,Y,N,N,Y,Y,Y,Y,N,N,N,N,Y,Y,Y,N,N,Y,N,N,Y,N,N,N,N,N,N,7/24/2019 2:53:53 PM
1019146,41.8 Bridgewater Farmer's Market,,https://www.facebook.com/BridgewaterFarmersMarketNJ/,,,,1 Vogt Drive,Bridgewater,Somerset,New Jersey,08807,06/10/2018 to 10/21/2018,Sun: 11:00 AM-3:00 PM;,,,,,,,-74.607976,40.588552,,Y,N,N,N,N,Y,Y,Y,Y,Y,Y,Y,N,Y,N,Y,N,N,N,N,N,N,Y,Y,N,N,N,N,Y,Y,N,N,N,N,N,6/26/2018 7:01:21 PM
1019400,43.9 Bedminster Farmers Market,http://bedminsternj.hosted.civiclive.com/township_services/farmers_market,https://www.facebook.com/bedminsterfarmersmarket/?eid=ARArXvXuUVPdjTMbOd_12-gC2WKj6BpLHpqkVXPEOpscqeAh6w0Zv07etCwMUUqqHWLD7rH2eCWztrqR,,,https://www.instagram.com/bedminsterfarmersmarket/?hl=en,3055 River Road,Bedminster,Somerset,New Jersey,07921,06/01/2019 to 10/26/2019,Sat: 9:00 AM-1:00 PM;,,,,,,,-74.646889,40.662856,,Y,N,N,N,N,Y,Y,Y,N,Y,Y,N,Y,Y,Y,Y,N,Y,N,N,Y,Y,Y,Y,N,Y,Y,N,Y,Y,N,Y,N,N,Y,2/23/2019 2:46:23 PM
1019504,47.0 The Market at Long Valley,http://themarketlvnj.wixsite.com/themarket-longvalley,https://www.facebook.com/TheMarketatLongValley/,,,,66 East Mill Road,Long Valley,Morris,New Jersey,07853,06/06/2019 to 10/17/2019,Thu: 3:00 PM-7:00 PM;,,,,,,,-74.770016,40.784492,,Y,N,N,N,N,-,Y,Y,Y,Y,Y,N,Y,Y,Y,Y,N,N,N,Y,Y,N,Y,Y,N,Y,N,N,Y,Y,N,N,N,N,N,5/3/2019 9:56:38 AM
1012037,53.1 SCOTCH PLAINS FARMERS' MARKETPLACE,http://SCOTCHPLAINSFARMERSMARKET.COM,https://www.facebook.com/ScotchPlainsFarmersMarket/,,,,"430 Park Ave (Municipal Parking Lot), Scotch Plains, New Jersey 07076",Scotch Plains,Union,New Jersey,07076,05/19/2018 to 11/17/2018,Sat: 8:00 AM-2:00 PM;,,,,,,,-74.397557,40.650167,,Y,Y,N,N,N,Y,Y,Y,N,Y,Y,Y,Y,Y,Y,Y,Y,Y,N,Y,N,Y,Y,N,N,N,Y,N,Y,Y,Y,Y,N,N,N,7/26/2018 3:59:05 PM
1019751,54.1 The Farmers’ Market at Rutherfurd Hall,http://AgresticAcres.com,@FarmMarketRutherfurdHall,,,,1686 county road 517,Allamuchy,Warren,New Jersey,07820,06/14/2020 to 10/25/2020,Sun: 10:00 AM-2:00 PM;,,,,,,,-74.813622,40.914599,,Y,N,N,N,N,-,Y,Y,Y,Y,Y,N,Y,Y,Y,Y,Y,Y,N,N,N,Y,Y,Y,N,N,Y,N,Y,N,N,Y,Y,N,Y,2/9/2020 11:24:02 AM
1019203,54.6 AG Farmers' Market,http://AGFarmersMarket.com,http://www.facebook.com/AGFarmersMarket,http://twitter.com/AGFarmMarket,,http://www.instagram.com/agfarmersmarket,108 Indian Head Road,Toms River,Ocean,New Jersey,08753,08/02/2018 to 08/02/2018,Thu: 9:00 AM-5:00 PM;,,,,,,,-74.207478,39.992509,,Y,Y,Y,Y,Y,Y,Y,N,Y,N,N,N,Y,Y,Y,Y,N,N,N,N,Y,N,Y,Y,Y,N,Y,N,Y,N,Y,N,Y,N,N,8/1/2018 9:40:50 AM
1012163,56.3 Blairstown Farmers' Market,http://BlairstownFarmersMarket.com,https://www.facebook.com/blairstownfarmersmarket/,https://twitter.com/FoodshedNJ,,,5 Stillwater Road,Blairstown,Warren,New Jersey,07825,06/02/2018 to 10/27/2018,Sat: 10:00 AM-1:00 PM;,,,,,,,-74.955689,40.982893,,Y,N,N,N,Y,Y,Y,Y,Y,Y,Y,N,Y,Y,Y,Y,N,Y,N,N,Y,Y,Y,Y,Y,N,Y,N,Y,N,N,Y,N,N,N,7/27/2018 7:56:03 AM
1012166,56.5 Morris County Winter Farmers' Market,http://MorrisWinterFarmersMarket.com,https://www.facebook.com/MorrisCountyWinterFarmersMarket/,https://twitter.com/FoodshedNJ,,,26 Mills Street,Morristown,Morris,New Jersey,07960,12/01/2018 to 04/14/2019,Sun: 10:00 AM-1:00 PM;,,,,,,,-74.489945,40.801309,,Y,N,N,N,Y,Y,Y,Y,Y,N,Y,Y,Y,Y,Y,Y,Y,Y,N,N,N,Y,Y,Y,N,N,Y,N,Y,N,Y,Y,N,N,Y,7/27/2018 7:55:07 AM
1005201,57.2 Madison NJ Farmers Market,http://www.rosenet.org/gov/ddc,https://www.facebook.com/ilovemadisonnj,,,,Central Avenue between Cook Avenue and Main Street,Madison,Morris,New Jersey,07940,05/31/2018 to 10/25/2018,Thu: 2:00 PM-7:00 PM;,,,,,,,-74.414532,40.759057,,Y,Y,Y,N,N,-,Y,Y,N,Y,Y,N,Y,Y,Y,Y,Y,Y,N,Y,N,Y,Y,Y,N,Y,N,N,Y,N,Y,Y,N,N,N,7/26/2018 4:27:38 PM
1019424,65.2 West Orange Farmers Market,http://WOFarmersMarket.com,https://www.facebook.com/WestOrangeFM,,,,80 Main Street,West Orange,Essex,New Jersey,07052,05/18/2019 to 11/02/2019,Sat: 9:00 AM-2:00 PM;,,,,,,,-74.238131,40.780392,,Y,Y,Y,N,N,-,Y,N,Y,Y,Y,N,N,Y,Y,Y,N,Y,N,Y,N,N,Y,Y,N,N,N,N,Y,Y,Y,N,N,Y,N,3/11/2019 12:02:58 PM
1019510,65.6 East Orange Farmer's Market,,,,,,44 City Hall Plaza,East Orange,Essex,New Jersey,07018,07/02/2019 to 10/29/2019,Tue: 12:00 PM-7:00 PM;,,,,,,,-74.209979,40.761250,,Y,Y,Y,Y,Y,Y,Y,N,N,Y,N,N,N,Y,Y,Y,N,N,N,Y,N,N,Y,Y,N,N,N,N,Y,Y,Y,Y,N,N,N,5/6/2019 10:02:46 PM
1000709,65.6 26th Annual Highlands Business Partnership's Farmers Market,http://www.highlandsnj.com,https://www.facebook.com/pages/Highlands-Business-Partnership-Highlands-NJ/165486543524770,,,visithighlandsnj - Instagram,71 Waterwitch Avenue,Highlands,Monmouth,New Jersey,07732,06/06/2020,Sat: 8:30 AM-2:00 PM;,,,,,,,-73.994358,40.404837,,Y,Y,Y,Y,Y,Y,Y,Y,Y,Y,Y,N,Y,Y,Y,Y,N,N,N,Y,Y,N,N,Y,N,N,N,N,Y,N,Y,N,N,N,Y,9/10/2020 3:25:18 PM
1020015,70.4 The Township of Little Falls Farmers Market,,Facebook.com/LittleFallsFarmersMarket,,,Instagram.com/LittleFallsFarmersMarket,225 Main St,Little Falls,Passaic,New Jersey,07424,05/31/2020 to 10/18/2020,Sun: 9:00 AM-2:00 PM;,,,,,,,-74.210350,40.872239,,Y,N,N,N,Y,Y,Y,Y,N,Y,Y,N,Y,Y,Y,N,N,N,N,Y,N,N,Y,Y,N,N,Y,N,Y,N,N,Y,Y,Y,Y,8/3/2020 12:43:03 PM
1019127,70.5 Nutley Farmers Market,http://www.nutleynj.org/farmersmarket,www.facebook.com/nutleyfarmersmarket1,www.twitter.com/nutleyfm,,www.instagram.com/nutleyfarmersmarket,537 Franklin Avenue,Nutley,Essex,New Jersey,07110,06/17/2018 to 10/28/2018,Sun: 9:00 AM-2:00 PM;,,,,,,,-74.154584,40.824341,,Y,Y,Y,Y,Y,-,Y,Y,N,Y,Y,N,Y,Y,Y,Y,N,Y,N,Y,N,Y,Y,Y,N,N,Y,N,Y,N,Y,N,N,N,N,6/10/2018 1:01:07 PM
1019375,70.8 Harvest Home Coney Island Hospital Market,,,,,,Ocean Pkwy btwn Shore Pkwy & Avenue Z,New York,Kings,New York,,06/05/2019 to 11/20/2019,Wed: 8:00 AM-4:00 PM;Fri: 8:00 AM-4:00 PM;,,,,,,,-73.966129,40.585510,,Y,Y,Y,Y,Y,N,Y,N,N,N,N,N,N,Y,Y,Y,Y,N,N,N,N,N,N,N,N,N,N,N,Y,N,N,N,N,N,N,2/5/2019 9:48:14 AM
1006250,"71.3 Ocean City, NJ Farmers & Crafters Market",http://www.oceancityvacation.com,https://www.facebook.com/OceanCityNJVacation,,,,6th Street & Asbury Avenue,Ocean City,Cape May,New Jersey,08226,06/24/2020 to 09/30/2020,Wed: 8:00 AM-1:00 PM;,,,,,,,-74.572082,39.282143,,Y,Y,Y,Y,Y,Y,Y,Y,Y,Y,Y,Y,Y,Y,Y,Y,N,Y,N,Y,Y,N,Y,Y,Y,N,Y,N,Y,N,Y,Y,Y,N,N,8/5/2020 11:33:22 AM
1021208,71.3 Historic Downtown Jersey City Farmers Market,https://jcdowntown.org/events/farmers-market,https://www.facebook.com/downtownjcfarmersmarket/,https://twitter.com/DowntownHDSID,https://www.youtube.com/user/JCHDSID,Instagram: https://www.instagram.com/hdsid_jc/?hl=en,Grove PATH Plaza,Jersey City,Hudson,New Jersey,,05/11/2020 to 12/21/2020,Mon: 4:00 PM-8:00 PM;Thu: 4:00 PM-8:00 PM;,,,,,,,-74.042428,40.719659,,Y,Y,Y,N,N,Y,Y,Y,N,Y,Y,Y,N,Y,Y,Y,Y,N,N,N,Y,Y,N,N,N,N,Y,N,Y,N,Y,Y,N,N,N,9/11/2020 5:17:22 PM
1019927,72.2 Riverview Farmers Market,http://www.riverviewfarmersmarket.org/,https://www.facebook.com/farmsintheheights/,https://twitter.com/JCHeightsMarket,,https://www.instagram.com/riverviewfarmersmarket/,320 Ogden Avenue,Jersey City,Hudson,New Jersey,07307,05/31/2020 to 11/22/2020,Sun: 10:00 AM-2:00 PM;,,,,,,,-74.042798,40.744736,,Y,Y,Y,Y,Y,-,Y,Y,N,N,Y,Y,Y,Y,Y,Y,Y,Y,N,Y,Y,Y,N,N,N,N,N,N,Y,N,N,N,N,N,N,6/21/2020 5:25:58 PM
1009895,72.4 Down to Earth Park Slope Farmers Market,http://www.downtoearthmarkets.com,https://www.facebook.com/parkslopefarmersmarket/,https://twitter.com/DowntoEarthMkts,,https://www.instagram.com/downtoearthmkts,289 4th Street,Brooklyn,Kings,New York,11215,01/01/2018 to 12/31/2018,Sun: 10:00 AM-4:00 PM;,01/01/2019 to 12/01/2019,Sun: 10:00 AM-5:00 PM;,,,,,-73.983925,40.672277,,Y,Y,Y,Y,Y,Y,Y,Y,N,Y,Y,Y,Y,Y,Y,Y,Y,Y,N,N,Y,Y,Y,Y,N,Y,Y,N,Y,N,Y,Y,N,Y,Y,10/1/2018 10:00:19 AM
1019949,72.6 Fulton Stall Market - Indoor Farmers Market,http://fultonstallmarket.org,fultonmarketnyc,fultonmarketnyc,,instagram fultonstallmarket,91 South St.,New York ,New York,New York,10038,,Mon: 11:30 AM-4:00 PM;Tue: 11:30 AM-4:00 PM;Wed: 11:30 AM-4:00 PM;Thu: 11:30 AM-4:00 PM;Fri: 11:30 AM-4:00 PM;Sat: 11:30 AM-4:00 PM;,,,,,,,-74.003474,40.706222,,Y,N,N,N,Y,Y,Y,Y,N,N,Y,Y,Y,Y,Y,Y,Y,Y,N,N,N,Y,Y,N,N,Y,Y,N,Y,Y,Y,Y,Y,N,N,7/6/2020 3:11:54 PM
1011930,73.4 Capital City Farmers Market,http://www.downtowndoverpartnership.com/,https://www.facebook.com/capitalcityfarmersmarket/,,,,126 West Loockerman Street (Loockerman Way Plaza),Dover,Kent,Delaware,19904,06/15/2016 to 09/14/2016,Wed: 3:00 PM-6:00 PM;,,,,,,,-75.5262294,39.1576541,,Y,Y,N,Y,Y,-,Y,N,Y,Y,Y,N,Y,Y,N,Y,N,N,N,N,N,Y,N,Y,N,N,N,N,Y,N,N,N,N,N,N,8/3/2020 1:04:12 PM
1019374,73.7 Harvest Home Clinton Hill Market,,,,,,Lafayette btwn Waverly & Washington,Brooklyn,New York,New York,,06/04/2019 to 11/19/2019,Tue: 8:00 AM-4:00 PM;,,,,,,,-73.966310,40.688145,,Y,Y,Y,Y,Y,N,N,N,N,N,N,N,N,Y,N,N,N,N,N,N,N,N,N,N,N,N,N,N,Y,N,N,N,N,N,N,2/5/2019 9:49:55 AM
1019376,73.9 Harvest Home Kings County Hospital Market,,,,,,Clarkson Avenue btwn E. 37th & E. 39th Street,New York,Kings,New York,,06/05/2019 to 11/20/2019,Wed: 8:00 AM-4:00 PM;,,,,,,,-73.942520,40.655889,,Y,Y,Y,Y,Y,N,N,N,N,N,N,N,N,Y,N,N,N,N,N,N,N,N,N,N,N,N,N,N,Y,N,N,N,N,N,N,2/5/2019 9:59:55 AM
1019373,74.3 Harvest Home Brower Park Market,http://harvesthomefm.org,,,,,Brooklyn Avenue & Prospect Place,New York,Kings,New York,,06/06/2019 to 11/14/2019,Thu: 8:00 AM-4:00 PM;,,,,,,,-73.944530,40.674043,,Y,Y,Y,Y,Y,N,N,N,N,N,N,N,N,Y,N,N,N,N,N,N,N,N,N,N,N,N,N,N,Y,N,N,N,N,N,N,2/5/2019 9:49:19 AM
1010607,75.7 Bel Air Farmers' Market,http://www.BelAirFarmersMarket.com,BelAir Farmers Market,@belairfm,,Instagram  @belairfm,2 South Bond Street,Bel Air,Harford,Maryland,21014,04/14/2018 to 11/17/2018,Sat: 7:00 AM-11:00 AM;,11/24/2018 to 12/22/2018,Sat: 10:00 AM-12:00 PM;,,,,,-76.351011,39.535284,,Y,Y,Y,Y,N,Y,Y,Y,Y,Y,Y,N,Y,Y,Y,Y,Y,Y,N,N,Y,Y,Y,Y,Y,Y,Y,N,Y,N,N,Y,Y,N,N,7/27/2018 1:27:22 PM
1019340,76.0 Isabahlia farmers Market,http://Isabahlialoefinc.org,Isabahlia ladies of Elegance Foundation Inc,Isabahlialoef,,,410 Livoinia Ave,"Brooklyn, NY",Kings,New York,11212,06/30/2018 to 10/27/2018,Sat: 8:00 AM-4:00 PM;,11/03/2018 to 12/08/2018,Sat: 8:00 AM-1:00 PM;,,,,,-73.901875,40.663651,,Y,Y,Y,Y,Y,N,Y,N,N,Y,Y,N,N,Y,Y,Y,N,N,N,N,N,N,N,N,N,N,N,N,Y,N,N,N,N,N,N,12/29/2018 8:21:05 AM
1016803,76.6 Pitkin Verde Farmers Market,http://www.cypresshills.org,www.facebook.com/CHLDC,twitter.com/CHLDC,,,2094 Pitkin Avenue,Brooklyn,Kings,New York,11207,07/17/2018 to 11/20/2018,Tue: 9:00 AM-5:30 PM;,,,,,,,-73.895438,40.671863,,Y,Y,N,Y,Y,N,N,N,N,Y,N,N,Y,Y,N,N,N,N,N,N,N,N,N,N,N,N,N,N,Y,N,N,Y,N,N,N,7/30/2018 10:19:07 AM
1010972,77.9 Down to Earth Morningside Park Farmers Market,http://www.downtoearthmarkets.com,https://www.facebook.com/morningsideparkfarmersmarket/,https://twitter.com/DowntoEarthMkts,,https://instagram.com/downtoearthmkts/,110th Street and Manhattan Avenue,Manhattan,New York,New York,10026,01/01/2018 to 12/31/2018,Sun: 9:00 AM-4:00 PM;,,,,,,,-73.959648,40.801370,,Y,Y,Y,Y,Y,Y,Y,Y,N,Y,Y,Y,Y,Y,Y,Y,Y,Y,N,N,Y,Y,Y,N,N,Y,Y,N,Y,N,Y,Y,N,N,N,10/1/2018 9:47:46 AM
1002339,77.9 Harvest Home Metropolitan Hospital Market,http://harvesthomefm.org,,,,,97-99th Street and 2nd Ave.,Manhattan,New York,New York,,06/07/2019 to 11/15/2019,Fri: 8:00 AM-4:00 PM;,,,,,,,-73.946220,40.785539,,Y,Y,Y,Y,Y,N,Y,N,N,N,N,N,N,Y,Y,Y,N,N,N,N,N,N,Y,N,N,N,Y,N,Y,N,N,N,N,N,N,1/30/2019 4:14:34 PM
1019380,78.1 Harvest Home East Harlem Market,,,,,,E. 104th Street & 3rd Avenue,New York,New York,New York,,06/06/2019 to 11/14/2019,Thu: 8:00 AM-4:00 PM;,,,,,,,-73.945625,40.790266,,Y,Y,Y,Y,Y,N,N,N,N,N,N,N,N,Y,N,N,N,N,N,N,N,N,N,N,N,N,N,N,Y,N,N,N,N,N,N,2/5/2019 10:24:52 AM
1019382,78.5 Harvest Home Lenox Avenue Market,,,,,,Lenox Avenue btwn W. 117th & W. 118th Street,New York,New York,New York,,06/08/2019 to 11/16/2019,Sat: 8:00 AM-4:00 PM;,,,,,,,-73.948857,40.803029,,Y,Y,Y,Y,Y,N,N,N,N,N,N,N,N,Y,N,N,N,N,N,N,N,N,N,N,N,N,N,N,Y,N,N,N,N,N,N,2/5/2019 10:42:23 AM
1019383,78.7 Harvest Home 125th Street Market,,,,,,W. 125th Street & Adam Clayton Powell Blvd,New York,New York,New York,,06/04/2019 to 11/19/2019,Tue: 8:00 AM-4:00 PM;,,,,,,,-73.947702,40.808707,,Y,Y,Y,Y,Y,N,Y,N,N,N,N,N,N,Y,N,N,N,N,N,N,N,N,N,N,N,N,N,N,Y,N,N,N,N,N,N,2/5/2019 10:44:29 AM
1002345,79.0 Harvest Home West Harlem Market,,,,,,Broadway btwn W. 138th & W. 139th St,New York,New York,New York,,06/04/2019 to 11/19/2019,Tue: 8:00 AM-4:00 PM;,,,,,,,-73.953193,40.822369,,Y,Y,Y,Y,Y,N,N,N,N,N,N,N,N,Y,N,N,N,N,N,N,N,N,N,N,N,N,N,N,Y,N,N,N,N,N,N,1/30/2019 12:51:26 PM
1019381,79.3 Harvest Home Harlem Hospital Market,,,,,,Lenox Avenue btwn W. 136th & W. 138th Street,New York,New York,New York,,01/01/2019 to 12/31/2019,Fri: 8:00 AM-4:00 PM;,,,,,,,-73.940100,40.814968,,Y,Y,Y,Y,Y,N,Y,N,N,N,N,N,N,Y,Y,Y,Y,N,N,N,N,N,N,N,N,N,N,N,Y,N,N,N,N,N,N,2/5/2019 10:38:46 AM
1019989,79.5 Grass Roots Farmers Market,,Grassroots Farmers Market,,,Instagram - Grassroots FM,W.145th. Street between Edgecombe & Bradhurst Aves.,New York,New York,New York,10031,07/07/2020 to 11/28/2020,Tue: 9:00 AM-4:00 PM;Sat: 9:00 AM-4:00 PM;,,,,,,,-73.943475,40.823804,,Y,Y,N,Y,Y,N,Y,N,N,N,Y,N,N,Y,Y,Y,N,N,N,N,N,N,N,N,N,N,N,N,Y,N,N,N,N,N,N,7/30/2020 1:30:11 AM
1019379,80.5 Harvest Home St. Mary's Park Market,,,,,,E. 149th Street & Eagle Avenue,New York,Bronx,New York,,06/06/2019 to 11/14/2019,Thu: 8:00 AM-4:00 PM;,,,,,,,-73.911898,40.813850,,Y,Y,Y,Y,Y,N,N,N,N,N,N,N,N,Y,N,N,N,N,N,N,N,N,N,N,N,N,N,N,Y,N,N,N,N,N,N,2/5/2019 10:23:11 AM
1002335,81.7 Harvest Home Mt. Eden Market,http://www.harvesthomefm.org,https://www.facebook.com/HarvestHomeMkts/,https://twitter.com/HarvestHomeMkts,,https://www.instagram.com/harvesthomemkts/,Mt. Eden Pkwy & Morris Avenue,Bronx,Bronx,New York,,06/04/2019 to 11/19/2019,Tue: 8:00 AM-4:00 PM;Thu: 8:00 AM-4:00 PM;,,,,,,,-73.909517,40.842700,,Y,Y,Y,Y,Y,N,Y,N,N,N,N,N,N,Y,Y,Y,N,N,N,N,N,N,N,N,N,N,N,N,Y,N,N,N,N,N,N,1/30/2019 4:18:05 PM
1019377,81.7 Harvest Home Hunts Point Market,,,,,,E. 163rd btwn Southern & Bruckner Boulevards,New York,Bronx,New York,,06/05/2019 to 11/20/2019,Wed: 8:00 AM-4:00 PM;,,,,,,,-73.890698,40.820779,,Y,Y,Y,Y,Y,N,N,N,N,N,N,N,N,Y,N,N,N,N,N,N,N,N,N,N,N,N,N,N,Y,N,N,N,N,N,N,2/5/2019 10:02:03 AM
1003343,82.5 La Familia Verde Farmers Market,http://www.lafamiliaverde.org,,,,,East Tremont Ave. between Lafontaine Ave& Arthue Ave,Bronx,Bronx,New York,10460,07/09/2019 to 11/12/2019,Tue: 8:00 AM-3:00 PM;,,,,,,,-73.893737,40.846468,,Y,Y,Y,Y,Y,N,Y,N,N,Y,Y,N,Y,Y,Y,Y,N,N,N,N,N,N,N,N,N,N,N,N,Y,N,Y,N,N,N,N,1/2/2019 12:54:29 PM
1019986,82.7 La Familia Verde Market,http://lafamiliaverde.org,,,,,Tremont Ave between Arthur Ave & LaFontaine Ave,Bronx,Bronx,New York,10457,07/07/2020 to 11/17/2020,Tue: 8:00 AM-2:00 PM;,,,,,,,-73.891978,40.849357,,Y,Y,Y,Y,Y,N,Y,N,N,N,Y,N,N,Y,N,N,N,N,N,N,N,N,N,N,N,N,N,N,Y,N,N,N,N,N,N,7/29/2020 7:56:18 PM
1005332,84.2 Harvest Home North Central Bronx Market,,,,,,E. Mosholu Pkwy N. & Jerome Avenue,Bronx,Bronx,New York,,06/05/2019 to 11/20/2019,Wed: 8:00 AM-4:00 PM;,,,,,,,-73.883864,40.880479,,Y,Y,Y,Y,Y,N,Y,N,N,N,N,N,N,Y,N,Y,N,N,N,N,N,N,N,N,N,N,N,N,Y,N,N,N,N,N,N,1/30/2019 4:22:25 PM
1019378,85.0 Harvest Home Jacobi Hospital Market,,,,,,1400 Pelham Parkway,New York,Bronx,New York,,06/04/2019 to 11/19/2019,Tue: 8:00 AM-4:00 PM;Fri: 8:00 AM-4:00 PM;,,,,,,,-73.846979,40.857347,,Y,Y,Y,Y,Y,N,Y,N,N,N,N,N,N,Y,Y,Y,N,N,N,N,N,N,N,N,N,N,N,N,Y,N,N,N,N,N,N,2/5/2019 10:03:55 AM
1011497,85.2 The Markets at Shrewsbury,http://www.marketsatshrewsbury.com,The Markets at Shrewsbury,The Markets at Shrewsbury,,,12025 Susquehanna Trail S,Glen Rock,York,Pennsylvania,17327,01/01/2019 to 01/01/2019,Thu: 9:00 AM-5:00 PM;Fri: 9:00 AM-7:00 PM;Sat: 8:00 AM-4:00 PM;,01/01/2019 to 02/28/2019,Thu: 9:00 AM-5:00 PM;Fri: 9:00 AM-5:00 PM;Sat: 8:00 AM-5:00 PM;,,,,,-76.730703,39.793503,,Y,N,N,N,N,-,Y,Y,Y,Y,Y,Y,Y,Y,Y,Y,Y,Y,N,Y,Y,Y,Y,Y,N,Y,Y,Y,Y,Y,Y,Y,Y,N,N,12/28/2018 4:00:06 PM
1019366,86.2 Harvest Home Co-Op City Market,,,,,,Asch Loop & Aldrich Street,Bronx,Bronx,New York,,06/05/2019 to 11/20/2019,Wed: 8:00 AM-4:00 PM;,,,,,,,-73.831007,40.870274,,Y,Y,Y,Y,Y,N,Y,N,N,N,N,N,N,Y,Y,Y,N,N,N,N,N,N,N,N,N,N,N,N,Y,N,N,N,N,N,N,1/30/2019 4:26:10 PM
1019091,87.0 South Side Farmers' Market,http://www.facebook.com/southsidefarmersmarket,www.facebook.com/southsidefarmersmarket,,,instagram.com/southsidefarmersmarket,Alder Street and Cedar Avenue,Scranton,Lackawanna,Pennsylvania,18505,05/12/2018 to 10/06/2018,Sat: 10:00 AM-2:00 PM;,10/13/2018 to 12/31/2018,Sat: 10:00 AM-2:00 PM;,,,,,-75.6668643,41.4003507,,Y,N,N,Y,Y,Y,Y,Y,N,Y,Y,N,N,Y,Y,Y,Y,Y,N,N,Y,Y,Y,Y,N,N,Y,N,Y,N,N,N,N,N,N,5/8/2018 1:30:19 PM
1019474,87.2 Co-Operative Farmers Market,http://www.coopfarmersmarket.com,Co-Operative Farmers Market,,,"TV, Radio, Newpaper, Billboard",900 Barring Avenue,Scranton,Lackawanna,Pennsylvania,18508,07/15/2019 to 11/20/2019,Mon: 12:00 PM-6:00 PM;Wed: 12:00 PM-6:00 PM;Fri: 12:00 PM-6:00 PM;,,,,,,,-75.665908,41.404178,,Y,Y,N,Y,N,Y,Y,Y,N,Y,Y,N,Y,Y,Y,Y,Y,N,N,Y,Y,Y,Y,Y,N,Y,N,Y,Y,N,N,N,N,N,N,4/15/2019 3:57:15 PM
1019723,88.3 Palisades Winter Farmers' Market,http://www.palisadesfm.org,https://www.facebook.com/Palisades-Indoor-Farmers-Market-NY-198235466870315/,,,https://www.instagram.com/palisadescommunitycenterny/,675 Oak Tree Road,Palisades,Rockland,New York,10964,01/11/2020 to 03/28/2020,Sat: 9:00 AM-2:00 PM;,,,,,,,-73.917284,41.011605,,Y,N,N,N,N,-,Y,Y,Y,N,Y,Y,N,Y,Y,Y,N,Y,N,N,Y,N,Y,N,N,N,Y,N,Y,N,N,Y,Y,N,N,12/11/2019 4:11:42 PM
1019635,89.1 Riverwalk Farmers Market,http://downtownmilford.org/farmersmarket,Facebook@riverwalkfarmersmarket,,,,5 S. Walnut Street ,Milford,Sussex,Delaware,19963,05/04/2019 to 10/05/2019,Sun: 9:00 AM-1:00 PM;,11/23/2019 to ,Sat: 10:00 AM-2:00 PM;,,,,,-75.428080,38.913062,,Y,Y,N,Y,N,-,Y,N,Y,Y,Y,N,Y,Y,Y,Y,N,Y,N,N,Y,N,Y,Y,Y,N,N,N,Y,N,Y,Y,N,N,N,7/22/2019 10:20:48 AM
1010958,90.0 Down to Earth New Rochelle Farmers Market,http://DowntoEarthMarkets.com,https://www.facebook.com/newrochellefarmersmarket/,https://twitter.com/DowntoEarthMkts,,http://www.instagram.com/downtoearthmkts/,515 North Avenue,New Rochelle,Westchester,New York,10801,06/01/2018 to 11/16/2018,Fri: 8:30 AM-2:30 PM;,,,,,,,-73.786334,40.919640,,Y,Y,Y,Y,Y,N,Y,N,N,N,Y,N,Y,Y,Y,Y,N,N,N,N,Y,N,Y,N,N,N,N,N,Y,N,Y,Y,N,N,N,10/1/2018 9:56:54 AM
1019802,91.2 Hereford Farm Market,,@herefordfarmmarket,,,,17004 York Rd ,Parkton,Baltimore,Maryland,,05/09/2020 to 10/31/2020,Sat: 9:00 AM-12:00 PM;,,,,,,,-76.644722,39.4668834,,Y,N,N,N,Y,Y,Y,Y,Y,Y,Y,N,Y,Y,Y,Y,N,Y,N,N,Y,Y,Y,Y,N,N,Y,N,Y,N,N,Y,N,N,Y,3/19/2020 5:42:28 PM
1019847,91.5 Adams-Ricci Farmers Market,,https://www.facebook.com/FarmersAtAdamsRicciParkEast/,@adamsriccifm,n/a,https://www.instagram.com/adamsriccifarmersmarket/,100 East Penn Drive,Enola,Cumberland,Pennsylvania,17025,05/21/2020 to 10/22/2020,Thu: 3:00 PM-7:00 PM;,,,,,,,-76.937407,40.273997,,Y,Y,N,Y,N,N,Y,Y,N,Y,Y,N,Y,Y,Y,Y,N,Y,N,N,Y,Y,Y,Y,N,Y,Y,Y,Y,N,N,N,Y,N,N,4/25/2020 10:26:33 AM
1018349,91.5 Roosevelt Community Farmers' Market,http://www.rooseveltfarmersmarket.com,https://www.facebook.com/Roosevelt-Community-Farmers-Market-1412573385674026/?ref=bookmarks,@RCRGLI,https://www.youtube.com/results?search_query=roosevelt+community+revitalization+group,,380 Nassau Road ,Roosevelt,Nassau,New York,11575,07/07/2019 to 10/27/2019,Sun: 11:00 AM-3:00 PM;,,,,,,,-73.5908479,40.6817846,,Y,Y,N,Y,Y,Y,N,N,N,Y,N,N,N,Y,Y,N,Y,N,N,N,N,N,N,N,N,N,N,N,Y,N,Y,N,N,N,N,12/21/2018 11:40:45 PM
1016793,93.3 Down to Earth Mamaroneck Winter Farmers Market,http://www.downtoearthmarkets.com,https://www.facebook.com/downtoearthmarketsmamaroneck/,https://twitter.com/DowntoEarthMkts,,https://www.instagram.com/downtoearthmkts,168 West Boston Post Rd.,Mamaroneck,Westchester,New York,10543,01/05/2019 to 04/13/2019,Sat: 9:00 AM-1:00 PM;,,,,,,,-73.734523,40.947737,,Y,Y,Y,Y,Y,Y,Y,Y,N,Y,Y,Y,Y,Y,Y,Y,Y,Y,N,N,N,Y,Y,N,N,N,Y,N,Y,N,Y,Y,N,N,N,10/1/2018 9:50:02 AM
1019664,95.1 Wayne County Farmers Market,,,,,,200 Willow Avenue,Honesdale ,Wayne,Pennsylvania,18431,05/25/2019 to 10/26/2019,Sat: 9:30 AM-1:30 PM;,,,,,,,-75.251749,41.567023,,Y,Y,N,Y,N,Y,Y,N,Y,Y,Y,N,Y,Y,Y,Y,Y,N,N,N,Y,Y,N,Y,N,N,N,N,Y,N,N,Y,N,N,N,8/5/2019 7:22:41 AM
1012253,95.6 Goshen Farmers Market,http://goshennychamber.com,Goshenfarmersmarket,,,,South Church and Main Street,Goshen,Orange,New York,10924,05/25/2018 to 10/26/2018,Fri: 10:00 AM-5:00 PM;,,,,,,,-74.322899,41.401966,,Y,Y,Y,Y,N,N,Y,Y,N,N,Y,Y,Y,Y,Y,Y,Y,Y,N,N,Y,Y,N,Y,N,Y,Y,N,Y,N,N,Y,Y,N,N,7/29/2018 7:06:08 PM
1019706,95.7 Main Street Farmers Market,https://thecooperageproject.org/markets/farmersmarket/,https://www.facebook.com/pg/thecooperageproject/events/?ref=page_internal,,,,1030 Main Street,Honesdale,Wayne,Pennsylvania,18431,11/01/2019 to 12/21/2019,Sat: 11:00 AM-1:00 PM;,01/04/2020 to 03/28/2020,Sat: 11:00 AM-1:00 PM;,,,,,-75.257714,41.575082,,Y,Y,N,Y,N,Y,Y,N,N,N,Y,N,Y,Y,N,N,Y,Y,N,N,N,Y,Y,N,N,N,N,N,Y,N,N,N,N,N,N,12/31/2019 2:11:01 PM
1018958,96.9 Dillsburg Farmers' Market,http://dillsburgfarmersma.wixsite.com/dbgfarmersmarket,https://www.facebook.com/DillsburgFarmersMarket/,,,,1 N. 2nd Street ,Dillsburg,York,Pennsylvania,17019,05/12/2018 to 10/13/2018,Sun: 8:00 AM-12:00 PM;,,,,,,,-77.037849,40.110975,,Y,N,N,Y,N,Y,,,,,,,,,,,,,,,,,,,,,,,,,,,,,,2/20/2018 8:30:52 PM
1004676,97.4 Druid Hill Farmers' Market,http://www.druidhillmkt.org,https://www.facebook.com/Druid-Hill-Farmers-Market-196200720417576/,https://twitter.com/DruidHillMkt,,,3100 Swann Drive,Baltimore,Baltimore City,Maryland,21217,06/05/2019 to 09/25/2019,Wed: 3:30 PM-7:30 PM;,,,,,,,-76.645847,39.317944,,Y,Y,Y,Y,Y,Y,Y,N,Y,N,Y,N,Y,Y,Y,Y,N,N,N,Y,Y,N,Y,Y,N,Y,N,N,Y,N,Y,N,N,N,N,6/2/2019 8:30:26 AM
1020055,97.4 Narrowsburg Farmers' Market,https://narrowsburgfarmersmarket.org/,https://www.facebook.com/narrowsburgfarmmarket/,,,https://www.instagram.com/narrowsburgfarmmarket/,7 Erie Avenue,Narrowsburg,Sullivan,New York,12764,05/16/2020 to 10/31/2020,Sat: 10:00 AM-1:00 PM;,,,,,,,-75.05512,41.596136,,Y,N,N,N,N,-,Y,Y,N,Y,Y,N,N,Y,Y,Y,N,Y,N,N,N,N,Y,N,N,Y,N,N,Y,N,N,Y,N,N,N,8/11/2020 1:40:58 PM
1018092,97.5 BMI Farmers' Market,http://www.thebmi.org/programs-events/bmi-farmers-market/,https://www.facebook.com/BaltimoreMuseumofIndustry/,https://twitter.com/BMIatWork,https://www.youtube.com/watch?v=or-mld01KWw,https://www.instagram.com/baltimoremuseumofindustry/,1415 Key Highway,Baltimore,Baltimore City,Maryland,21230,05/20/2017 to 11/25/2017,Sat: 9:00 AM-1:00 PM;,05/19/2018 to 11/24/2018,,,,,,-76.601326,39.273864,,Y,Y,N,Y,N,N,Y,Y,Y,Y,Y,Y,N,Y,N,Y,N,Y,N,N,N,Y,Y,Y,N,Y,Y,N,Y,N,N,N,N,N,N,7/27/2018 12:39:00 PM
1019148,97.7 Hanover Market House,http://www.hanover-market.com,www.Facebook.com/hanovermarket,,,,210 East Chestnut Street,Hanover,York,Pennsylvania,17331,01/01/2018 to 12/31/2018,Sat: 6:00 AM-12:00 PM;,,,,,,,-76.982610,39.803273,,Y,N,N,N,N,N,Y,Y,Y,N,Y,N,Y,Y,Y,Y,N,Y,N,N,N,Y,Y,Y,N,Y,Y,N,Y,N,N,N,N,N,N,6/29/2018 11:40:18 PM
1019273,98.1 Historic Lewes Farmers Market,http://historiclewesfarmersmarket.org,https://www.facebook.com/historiclewesfarmersmarket/,,,,Corner of Dupont and Johnson Avenues,Lewes,Sussex,Delaware,19958,,Sun: 8:00 AM-12:00 PM;,,,,,,,-75.147374,38.771568,,Y,Y,N,Y,Y,Y,Y,Y,N,N,Y,N,Y,Y,Y,Y,N,Y,N,N,Y,N,Y,Y,Y,N,Y,N,Y,N,N,Y,N,N,N,9/25/2018 12:07:56 PM
1018486,98.4 Milton Farmers' Market,http://www.miltondefarmersmarket.org/,https://www.facebook.com/Miltonfarmkt/,,,,6 Village Center Boulevard,Milton,Sussex,Delaware,19968,04/20/2018 to 10/05/2018,Fri: 3:00 PM-6:00 PM;,,,,,,,-75.310511,38.769132,,Y,Y,N,N,N,N,Y,Y,N,Y,Y,Y,Y,Y,Y,Y,N,Y,N,N,N,N,Y,Y,N,Y,N,N,Y,N,N,N,Y,N,N,7/27/2018 12:12:44 PM
1019275,98.4 Historic Lewes Farmers Market,http://historiclewesfarmersmarket.org,https://www.facebook.com/historiclewesfarmersmarket/,,,,Corner of Sussex Drive and Savannah Road ,Lewes ,Sussex,Delaware,19958,10/06/2018 to 11/17/2018,Sun: 9:00 AM-12:00 PM;,,,,,,,-75.148318,38.767185,,Y,Y,N,Y,Y,Y,N,Y,N,Y,Y,N,Y,Y,Y,Y,N,Y,N,N,Y,N,N,Y,Y,N,Y,N,Y,N,N,Y,N,N,N,9/25/2018 12:21:07 PM
1019027,98.6 Port Chester Farmers Market,https://www.portchesterfarmersmarket.com,https://www.facebook/Port-Chester-Farmers-Market-1440567712732869/,https://www.twitter.com/cgmarketsllc,,https://www.instagram.com/portchesterfarmersmarket/,Highland St,Port Chester,Westchester,New York,10573,01/01/2018 to 12/31/2018,Sun: 10:00 AM-2:00 PM;,,,,,,,-73.661339,41.002110,,Y,N,N,N,Y,Y,Y,Y,N,N,Y,Y,Y,Y,Y,Y,Y,Y,N,Y,N,Y,Y,N,N,N,Y,N,Y,N,Y,Y,Y,N,N,3/24/2018 8:09:22 AM
1019322,98.8 Pleasantville Farmers Market - Outdoor,http://pleasantvillefarmersmarket.com,https://www.facebook.com/PvilleFarmMarket,,,,Memorial Plaza (next to the train station),Pleasantville,Westchester,New York,10570,04/06/2019 to 11/23/2019,Sat: 8:30 AM-1:00 PM;,,,,,,,-73.791678,41.134760,,Y,Y,Y,Y,Y,Y,Y,Y,Y,Y,Y,Y,Y,Y,Y,Y,Y,Y,N,Y,Y,Y,Y,Y,N,Y,Y,N,Y,N,Y,Y,N,N,Y,11/24/2018 12:05:13 PM
1019321,99.0 Pleasantville Farmers Market - Indoor,http://pleasantvillefarmersmarket.com,https://www.facebook.com/PvilleFarmMarket,,,,40 Romer Avenue,Pleasantville,Westchester,New York,10570,12/01/2018 to 03/30/2019,Sat: 8:30 AM-1:00 PM;,,,,,,,-73.783867,41.134211,,Y,Y,Y,Y,Y,Y,Y,Y,Y,Y,Y,Y,Y,Y,Y,Y,Y,Y,N,Y,N,Y,Y,Y,N,N,Y,N,Y,N,Y,Y,N,N,Y,11/24/2018 11:57:50 AM
1019057,99.9 Historic Lewes Farmers Market Summer Wednesday Market,http://historiclewesfarmersmarket.org,https://www.facebook.com/historiclewesfarmersmarket/,,,,Crooked Hammock Way and Kings Highway,Lewes,Sussex,Delaware,19958,06/06/2018 to 08/29/2018,Sat: 8:00 AM-11:00 AM;,,,,,,,-75.149992,38.745130,,Y,Y,N,N,Y,N,Y,N,N,Y,N,N,N,Y,N,N,N,N,N,N,N,N,Y,N,N,N,N,N,Y,N,N,N,N,N,N,4/16/2018 5:31:34 PM
1002177,104.1 West Point-Town of Highlands Farmers Market,,https://www.facebook.com/pages/WestPointTownofHighlandsFarmersMarket,,,,Main street,Village of Highland Falls,Orange,New York,10928,06/17/2018 to 10/28/2018,Sun: 9:00 AM-2:00 PM;,,,,,,,-73.96631,41.36957,,Y,Y,N,Y,N,Y,Y,Y,Y,N,Y,N,Y,Y,Y,Y,N,Y,N,N,N,Y,Y,Y,N,N,N,N,Y,N,N,N,N,N,N,8/2/2018 12:58:13 AM
1019862,104.6 Farmers on the Square,http://www.farmersonthesquare.com,https://www.facebook.com/FarmersontheSquare/,,,https://www.instagram.com/farmersonthesquare/,2A N Hanover St,Carlisle,Cumberland,Pennsylvania,17013,01/01/2020 to 12/31/2020,Wed: 3:00 PM-7:00 PM;,,,,,,,-77.189168,40.202148,,Y,Y,N,Y,Y,Y,Y,Y,N,Y,Y,Y,Y,Y,Y,Y,Y,Y,N,N,N,Y,Y,Y,Y,Y,Y,Y,Y,N,Y,Y,N,N,N,5/15/2020 9:16:11 AM
1019181,105.2 The cornwall farmers market,,,,,,183 main street,cornwall n.y.,Orange,New York,12518,05/26/2018 to 09/26/2018,Wed: 11:00 AM-5:00 PM;,,,,,,,-74.059815,41.442234,,Y,N,N,N,N,Y,Y,Y,N,Y,Y,N,N,Y,Y,Y,N,Y,N,N,N,N,Y,Y,N,N,Y,N,Y,N,N,N,N,N,N,7/26/2018 4:12:54 PM
1019351,110.2 Adams County Farmers' Market Association,http://www.acfarmersmarkets.org,www.facebook.com/AdamsCountyFarmersMarket,https://twitter.com/ACFarmFresh,,www.instagram.com/adamscountyfarmersmarket,103 Carlisle Street,Gettysburg,Adams,Pennsylvania,17325,05/18/2019 to 10/26/2019,Thu: 11:30 AM-3:30 PM;Sat: 8:00 AM-1:00 PM;,,,,,,,-77.234147,39.830597,,Y,Y,N,Y,Y,N,Y,Y,N,Y,Y,N,Y,Y,Y,Y,Y,N,N,N,N,Y,Y,N,N,Y,Y,N,Y,N,N,Y,N,N,N,1/8/2019 5:15:25 PM
1019676,110.2 Adams County Farmers Market,,www.facebook.com/AdamsCountyFarmersMarket,@ACFarmFresh,,,103 Carlisle Street,Gettysburg,Adams,Pennsylvania,17325,05/18/2019 to 10/26/2019,Sat: 8:00 AM-1:00 PM;,,,,,,,-77.234147,39.830597,,Y,Y,N,Y,Y,Y,Y,Y,N,Y,Y,N,Y,Y,Y,Y,Y,Y,N,N,N,Y,Y,Y,N,Y,Y,N,Y,N,N,N,Y,N,N,8/8/2019 2:37:59 PM
1019675,111.3 St. Michaels Farmers Market,,https://www.facebook.com/loveyourfarmer/,,,https://www.instagram.com/explore/locations/92355524/st-michaels-farmers-market/,204 S Talbot St,St. Michaels,Talbot,Maryland,21663,04/13/2019 to 11/23/2019,Sat: 8:30 AM-11:30 AM;,,,,,,,-76.225202,38.785161,,Y,Y,N,Y,Y,Y,Y,Y,N,Y,Y,Y,Y,Y,Y,Y,N,Y,N,N,Y,Y,Y,N,N,Y,Y,Y,Y,N,N,Y,N,N,N,8/8/2019 12:52:24 PM
1019165,117.1 Bowie Farmers' Market,http://www.cityofbowie.org/103/Farmers-Market,https://www.facebook.com/BowieFarmersMarket/,,,,15200 Annapolis Road ,Bowie,Prince George's,Maryland,20715,05/20/2018 to 10/28/2018,Sun: 8:00 AM-12:00 PM;,,,,,,,-76.741902,38.978320,,Y,Y,N,N,N,-,Y,N,Y,Y,Y,N,Y,Y,Y,Y,Y,Y,N,N,Y,Y,Y,Y,N,N,Y,N,Y,N,N,N,Y,N,N,7/11/2018 10:10:22 PM
1019649,119.6 Lachat Farmers Market,https://lachattownfarm.org/farmers-market.php,https://www.facebook.com/Lachat-Town-Farm-1453666524945229/?epa=SEARCH_BOX,,,https://www.instagram.com/lachattownfarm/,106 Godfrey Road West,Weston,Fairfield,Connecticut,06883,06/28/2019 to ,Fri: 4:00 PM-8:00 PM;,,,,,,,-73.385668,41.235769,,Y,N,N,N,Y,-,Y,Y,N,Y,Y,N,Y,Y,Y,Y,N,Y,N,N,Y,Y,N,Y,Y,Y,N,N,Y,Y,Y,N,Y,N,N,7/30/2019 1:19:59 PM
1018918,120.4 STCC Open Air Market,,https://www.facebook.com/STCCOpenAirMarket/,https://twitter.com/StccOAM,,https://www.instagram.com/stccopenairmarket/,180 Airport Road,Shippensburg,Cumberland,Pennsylvania,17257,05/07/2018 to 09/24/2018,Mon: 3:00 PM-7:00 PM;,10/01/2018 to 10/29/2018,Mon: 3:00 PM-6:00 PM;,,,,,-77.477569,40.050647,,Y,Y,N,Y,N,Y,Y,Y,Y,Y,Y,Y,Y,Y,Y,Y,Y,Y,N,N,Y,Y,Y,Y,N,Y,Y,N,Y,N,Y,Y,N,N,Y,1/24/2018 11:54:48 AM
1019805,121.1 Greenbelt Farmers Market,https://greenbeltfarmersmarket.org,https://www.facebook.com/GreenbeltFarmersMarket/,https://twitter.com/greenbeltfm,N/A,https://www.instagram.com/greenbelt.farmersmarket/,25 Crescent Road,Greenbelt,Prince George's,Maryland,20770,05/10/2020 to 11/22/2020,Sun: 10:00 AM-2:00 PM;,,,,,,,-76.877296,39.001146,,Y,N,Y,Y,Y,Y,Y,Y,N,Y,Y,Y,Y,Y,Y,Y,N,Y,N,Y,Y,Y,Y,Y,N,Y,Y,N,Y,N,Y,Y,N,N,N,3/22/2020 2:49:39 PM
1019200,123.8 Ocean Pines Farmers & Artisans Market,http://www.oceanpines.org/amenities/ocean-pines-farmers-and-artisans-market/,https://www.facebook.com/OceanPinesFarmersArtisansMarketplace/,https://twitter.com/OPFarmersMkt,,,239 Ocean Parkway,Ocean Pines ,Worcester,Maryland,21811,01/01/2018 to 12/31/2018,Sat: 8:00 AM-1:00 PM;,,,,,,,-75.1600720,38.3992566,,Y,N,N,N,N,Y,Y,Y,Y,Y,Y,Y,Y,Y,Y,Y,Y,Y,N,Y,Y,Y,Y,Y,Y,Y,Y,Y,Y,Y,Y,Y,Y,Y,Y,7/31/2018 10:59:00 AM
1004516,124.1 Danbury Farmers' Market,http://www.danburyfarmersmarket.org,danburyconnecticutfarmersmarket,danburyfarmersmarket,dadnburyfarmerwmarket,instagram ,120 White Street,Danbury,Fairfield,Connecticut,06810,,Fri: 10:00 AM-2:00 PM;,,,,,,,-73.450227,41.397912,,Y,Y,N,Y,Y,-,Y,N,N,N,Y,N,Y,Y,Y,Y,Y,N,N,N,Y,N,Y,N,N,N,N,Y,Y,N,N,Y,Y,N,N,8/3/2020 12:23:30 PM
1019166,124.6 The Farmers Market at Maryland,http://farmersmarket.umd.edu,https://www.facebook.com/farmersmarket.umd/,https://twitter.com/farmersmarketum,,https://www.instagram.com/farmersmarketum/,3900 Campus Drive,College Park ,Prince George's,Maryland,20742,04/04/2018 to 11/14/2018,Wed: 11:00 AM-3:00 PM;,,,,,,,-76.947513,38.985968,,Y,N,Y,N,Y,N,Y,Y,Y,Y,Y,N,Y,Y,Y,Y,N,Y,N,N,Y,Y,Y,Y,N,Y,Y,N,Y,N,Y,Y,N,N,N,7/12/2018 4:14:34 PM
1011325,125.9 Hyattsville Farmers Market,http://www.hyattsville.org/farmersmarket,www.facebook.com/hyattsville-farmers-market,,,@hyattsville_farmers_market,4310 Gallatin Street,Hyattsville,Prince George's,Maryland,20781,05/17/2019 to 09/20/2019,Fri: 4:30 PM-8:30 PM;,,,,,,,-76.941854,38.952822,,Y,N,N,Y,Y,-,Y,Y,N,N,Y,N,Y,Y,Y,Y,N,Y,N,N,N,Y,N,Y,N,N,Y,N,Y,N,N,Y,N,N,Y,1/28/2019 2:02:26 PM
1012365,126.1 Crossroads Farmers Market,https://www.crossroadscommunityfoodnetwork.org/farmers-market/,https://www.facebook.com/CrossroadsFarmersMarket/,@CrossroadsNtwk,https://www.youtube.com/channel/UCm23V5zJ2FZV7vC57i8OASQ,Instagram: @CrossroadsNtwk,Anne St. at University Blvd. E,Takoma Park,Montgomery,Maryland,20912,04/18/2018 to 11/28/2018,Wed: 11:00 AM-3:00 PM;,,,,,,,-76.990169,38.990479,,Y,Y,Y,Y,Y,Y,Y,N,Y,Y,Y,N,Y,Y,Y,Y,N,Y,N,N,Y,N,Y,N,N,N,Y,N,Y,Y,Y,N,N,N,N,7/30/2018 9:51:38 AM
1019674,126.7 Pawling Farmers Market,http://www.pawlingfarmersmarket.org,Pawling Farmer's Market - Saturdays 9am-1pm,,,pawlingfarmersmarket,Charles Colman Blvd & West Main Street,Pawling,Dutchess,New York,12564,06/15/2019 to 10/12/2019,Sat: 9:00 AM-1:00 PM;,,,,,,,-73.600845,41.564215,,Y,N,N,N,N,Y,Y,Y,Y,Y,Y,N,Y,Y,Y,Y,Y,Y,N,N,N,Y,N,Y,N,Y,Y,N,Y,N,N,Y,Y,N,N,8/7/2019 7:56:19 PM
1020035,126.9 Milk Lady Derwood Farmers Market,https://www.milkladymarkets.org/derwood-market.html,https://www.facebook.com/MilkladyFarmersMarkets/,https://twitter.com/milkladymarkets,https://www.youtube.com/channel/UCwayQJb5tA74z6JPYQIFAcA,https://app.sourcewhatsgood.com/markets?filter=derwood,16501 Redland Road,Rockville,Montgomery,Maryland,20855,05/16/2020 to 09/05/2020,Sat: 9:00 AM-1:00 PM;,,,,,,,-77.150144,39.126885,,Y,Y,N,Y,N,-,Y,Y,Y,Y,Y,N,Y,Y,Y,Y,Y,Y,N,Y,Y,Y,Y,Y,N,N,Y,N,Y,N,Y,N,N,N,N,8/4/2020 3:41:04 PM
1020034,126.9 Milk Lady Derwood Fall 2020 Pickup/Delivery,https://www.milkladymarkets.org/derwood-market.html,https://www.facebook.com/MilkladyFarmersMarkets/,https://twitter.com/milkladymarkets,https://www.youtube.com/channel/UCwayQJb5tA74z6JPYQIFAcA,https://app.sourcewhatsgood.com/markets?filter=derwood,16501 Redland Road,Rockville,Montgomery,Maryland,20855,09/12/2020 to 12/19/2020,Sat: 9:00 AM-11:00 AM;,,,,,,,-77.150329,39.126727,,Y,N,N,N,N,-,Y,Y,N,Y,Y,N,Y,Y,Y,Y,Y,Y,N,Y,Y,Y,Y,Y,N,N,Y,N,Y,N,Y,N,N,N,N,8/4/2020 3:29:52 PM
1020011,127.9 Kensington Farmers Market,http://www.ExploreKensington.com ,,,,,Kensington train station parking lot  ,Kensington,Montgomery,Maryland,20895,01/01/2020 to 12/31/2020,Sat: 9:00 AM-1:00 PM;,,,,,,,-77.073728,39.026476,,Y,N,N,N,N,Y,Y,Y,N,Y,Y,Y,N,Y,Y,N,N,Y,N,N,Y,Y,Y,N,N,Y,Y,N,Y,N,Y,Y,N,Y,Y,8/3/2020 11:30:00 AM
1019596,128.0 The Capital Market of 20743,https://www.instagram.com/thecapitalmarket20743,https://www.facebook.com/thecapitalmarket20743,,,,111 Capitol Heights Blvd,Capitol Heights,Prince George's,Maryland,20743,06/07/2019 to 09/27/2019,Fri: 4:00 PM-8:00 PM;,,,,,,,-76.913335,38.887555,,Y,Y,Y,Y,Y,-,N,N,Y,N,N,N,Y,Y,N,N,N,N,N,N,N,N,Y,Y,N,N,N,N,Y,N,Y,N,N,N,N,6/24/2019 10:41:46 PM
1019498,128.6 Urbana Library Farmers' Market,,https://www.facebook.com/UrbanaLibraryFarmersMarket/,,,,9020 Amelung Street,Frederick,Frederick,Maryland,21704,05/05/2019 to 10/27/2019,Sun: 11:00 AM-2:00 PM;,,,,,,,-77.354470,39.331636,,Y,N,N,N,N,-,Y,N,Y,Y,Y,N,Y,Y,Y,Y,N,Y,N,N,Y,Y,Y,Y,N,N,Y,N,Y,N,N,N,Y,N,N,4/29/2019 5:40:58 PM
1012576,128.7 Rockville Farmers Market,http://www.rockvillemd.gov/farmers,facebook.com/RockvilleFarmersMarket,,,,Route 28 & Monroe Street,Rockville,Montgomery,Maryland,20850,05/18/2019 to 11/23/2019,Sat: 9:00 AM-1:00 PM;,,,,,,,-77.1492295,39.0819115,,Y,Y,N,Y,Y,N,Y,Y,N,Y,Y,N,Y,Y,Y,Y,N,Y,N,N,Y,Y,Y,Y,N,Y,Y,N,Y,N,Y,Y,Y,N,N,1/2/2019 8:39:20 AM
1010408,128.7 Pike Central Farm Market,http://www.centralfarmmarkets.com,www.facebook.com/CentralFarmMarkets,@CentralFarmMKTs,,http://dishingthedirtblog.wordpress.com/,910 Rose Avenue,North Potomac,Montgomery,Maryland,20852,04/25/2020 to 11/21/2020,Sat: 9:00 AM-1:30 PM;,,,,,,,-77.117929,39.049352,,Y,Y,N,N,N,Y,Y,Y,N,Y,Y,Y,Y,Y,Y,Y,N,Y,N,Y,Y,Y,Y,Y,Y,Y,Y,N,Y,Y,N,Y,Y,N,Y,8/7/2020 10:48:18 PM
1019933,128.9 Berlin Farmers Market,https://www.berlinmainstreet.com/farmersmarket/,https://www.facebook.com/theberlinfarmersmarket,,,,Pitts Street ,Berlin ,Worcester,Maryland,21811,05/03/2020 to 08/30/2020,Sun: 9:00 AM-1:00 PM;,,,,,,,-75.219195,38.325291,,Y,Y,N,N,N,Y,Y,Y,Y,Y,N,Y,Y,Y,Y,Y,N,N,N,N,Y,N,Y,Y,N,Y,Y,N,Y,N,N,Y,N,N,Y,6/23/2020 8:43:47 AM
1019223,129.0 Oakcrest Farmers Market,http://Foodjusticecoalition.com,https://www.facebook.com/oakcrestfarmersmarket,https://twitter.com/oakcrest_market,,https://www.instagram.com/oakcrestfarmersmarket/,1300 Capitol Heights Blvd,Capitol Heights,Prince George's,Maryland,20743,07/06/2018 to 09/07/2018,Fri: 3:00 PM-7:30 PM;,,,,,,,-76.9185759,38.8708398,,Y,Y,Y,N,Y,N,Y,N,Y,N,Y,N,N,Y,N,N,N,N,N,N,N,N,Y,Y,N,N,N,N,Y,N,Y,N,N,N,N,8/8/2018 9:56:29 AM
1010839,129.8 Petworth Community Market,https://petworthcmarket.wordpress.com/,https://www.facebook.com/petworthcommunitymarket,https://twitter.com/petworthmarket,,https://www.instagram.com/petworthmarket/,4100 9th St. NW,Washington ,District of Columbia,District of Columbia,20010,05/05/2018 to 11/17/2018,Sat: 9:00 AM-1:00 PM;,,,,,,,-77.0250472,38.9411512,,Y,Y,Y,Y,Y,N,Y,Y,Y,Y,Y,N,Y,Y,Y,Y,N,Y,N,N,N,Y,Y,Y,N,N,Y,N,Y,N,Y,N,N,N,N,8/2/2018 8:15:50 AM
1020038,129.9 Milk Lady Shady Grove Farmers Market,https://www.milkladymarkets.org/shady-grove-market,https://www.facebook.com/MilkladyFarmersMarkets,https://twitter.com/milkladymarkets,https://www.youtube.com/channel/UCwayQJb5tA74z6JPYQIFAcA,https://app.sourcewhatsgood.com/markets/shady-grove-farmers-market/products,9601 Medical Center Drive,Rockville,Montgomery,Maryland,20850,06/03/2020 to 09/30/2020,Wed: 11:00 AM-2:00 PM;,,,,,,,-77.199488,39.104422,,Y,Y,N,Y,N,Y,Y,Y,Y,Y,Y,N,Y,Y,Y,Y,Y,Y,N,Y,Y,Y,Y,Y,N,Y,Y,N,Y,N,Y,N,Y,N,N,8/4/2020 9:11:28 PM
1019755,130.1 Park View Farmers Market,,https://www.facebook.com/Parkviewfarmersmarket/,https://twitter.com/parkview_market,,https://www.instagram.com/parkviewfarmersmarket/,3400 Georgia Ave NW,Washington,District of Columbia,District of Columbia,20009,01/01/2020 to 12/31/2020,Sun: 9:00 AM-2:00 PM;,,,,,,,-77.023928,38.932172,,Y,Y,N,Y,Y,-,Y,Y,N,N,Y,Y,Y,Y,Y,Y,N,Y,N,Y,Y,Y,Y,N,N,N,Y,N,Y,N,N,Y,N,Y,N,2/10/2020 10:25:51 AM
1019761,130.1 Park View Farmers Market,,https://www.facebook.com/Parkviewfarmersmarket/,https://twitter.com/parkview_market,,https://www.instagram.com/parkviewfarmersmarket/,3400 Georgia Ave NW,Washington,District of Columbia,District of Columbia,20010,01/01/2020 to 12/31/2020,Sun: 9:00 AM-2:00 PM;,,,,,,,-77.023960,38.932155,,Y,Y,Y,Y,Y,Y,Y,Y,N,N,Y,Y,Y,Y,Y,Y,N,Y,N,Y,Y,Y,Y,N,N,N,Y,N,Y,N,N,Y,N,N,N,2/21/2020 12:41:15 PM
1010406,130.7 Bethesda Central Farm Market,http://www.centralfarmmarkets.com,www.facebook.com/CentralFarmMarkets,@CentralFarmMKTs,,http://dishingthedirtblog.wordpress.com/,7600 Arlington Road,Bethesda ,Montgomery,Maryland,20814,04/01/2020 to 12/31/2020,Sun: 9:00 AM-1:30 PM;,01/05/2020 to 03/29/2020,Sun: 9:30 AM-1:30 PM;,,,,,-77.099890,38.986761,,Y,Y,Y,N,N,Y,Y,Y,Y,Y,Y,Y,Y,Y,Y,Y,N,Y,N,Y,Y,Y,Y,Y,N,Y,Y,N,Y,Y,Y,Y,Y,N,Y,8/7/2020 10:42:42 PM
1018995,130.7 Mount Pleasant Farmers' Market,http://MtPFM.org,facebook.com/MtPFarMar,twitter.com/mtpfarmermarket,,,3200 Mt. Pleasant St NW ,Washington,District of Columbia,District of Columbia,20010,04/07/2018 to 12/22/2018,Sat: 9:00 AM-1:00 PM;,,,,,,,-77.038675,38.931518,,Y,Y,Y,Y,Y,-,Y,Y,N,Y,Y,N,Y,Y,Y,Y,Y,Y,N,N,Y,Y,Y,N,N,N,Y,N,Y,N,Y,Y,N,N,N,3/11/2018 10:58:56 PM
1019517,131.0 The Monroe Farmers’ Market,https://www.monroefarmersmarket.org/,https://facebook.com/monroectfarmersmarket,https://twitter.com/ctfarmersmarket,,https://instagram.com/monroectfarmersmarket,7 Fan Hill Road,Monroe,Fairfield,Connecticut,06468,06/21/2019 to 10/25/2019,Fri: 3:00 PM-6:00 PM;,,,,,,,-73.207774,41.332210,,Y,Y,N,Y,N,-,Y,Y,N,Y,Y,Y,Y,Y,Y,Y,Y,N,N,N,N,N,Y,Y,N,Y,N,N,Y,N,N,N,N,N,N,5/9/2019 10:21:38 PM
1009884,131.0 North Square Farmers Market,http://www.northsquarefarmersmarket.com,https://www.facebook.com/pages/North-Square-Farmers-Market/114897878526668,,,https://www.instagram.com/northsquarefarmersmarket/,100 Spring St,Chambersburg,Franklin,Pennsylvania,17201,05/23/2020 to 11/21/2020,Sat: 8:00 AM-12:00 PM;,,,,,,,-77.662435,39.938459,,Y,Y,Y,Y,Y,N,Y,Y,Y,Y,Y,N,Y,Y,Y,Y,Y,Y,N,N,Y,Y,Y,Y,N,Y,N,N,Y,N,N,Y,N,N,Y,8/7/2020 3:00:41 PM
1019704,131.4 Cleveland Park Farmers Market,http://cpbiz.org/,https://www.facebook.com/ClevelandParkBusiness/,,,https://www.instagram.com/clevelandparkfarmersmarket/,"3426 Connecticut Ave NW, Washington, DC 20008",Washington ,District of Columbia,District of Columbia,20008,,Sat: 9:00 AM-1:00 PM;,,,,,,,-77.058336,38.934867,,Y,N,N,N,N,N,Y,Y,N,N,Y,Y,Y,Y,Y,Y,Y,N,N,N,N,N,Y,N,N,N,Y,N,Y,N,N,N,N,N,N,9/19/2019 9:03:12 PM
1018671,131.9 FRESHFARM Dupont Market,,https://www.facebook.com/freshfarmdc,https://twitter.com/FRESHFARMDC,https://www.youtube.com/channel/UCKUcsUpWJ8f7YK0nwMklZXw/videos,https://www.instagram.com/freshfarmdc/,1624 20th St NW ,Washington,District of Columbia,District of Columbia,20009,01/01/2020 to 12/31/2020,Sun: 8:30 AM-1:30 PM;,,,,,,,-77.044967,38.911806,,Y,Y,N,Y,Y,Y,Y,Y,N,Y,Y,Y,Y,Y,Y,Y,Y,Y,N,N,Y,Y,Y,Y,N,Y,Y,N,Y,N,Y,Y,N,N,Y,8/6/2020 11:50:08 AM
1018359,132.1 Capital Harvest on the Plaza,http://www.capitalharvestdc.com,CapitalHarvestonthePlaza,@CapHarvestDC,,,1300 Pennsylvania Avenue,DC,District of Columbia,District of Columbia,20004,05/19/2017 to 11/10/2017,Fri: 11:00 AM-3:00 PM;,,,,,,,-77.030256,38.894748,,Y,N,N,N,N,N,Y,N,N,Y,Y,N,Y,Y,Y,Y,N,N,N,Y,Y,N,Y,N,N,N,Y,N,Y,Y,Y,N,Y,Y,N,7/28/2018 6:05:26 PM
1005631,132.4 USDA Farmers Market,http://www.usda.gov/farmersmarket,,,,,Corner 12th St. & Independence Ave. SW,Washington,District of Columbia,District of Columbia,20250,05/01/2015 to 10/30/2015,Fri: 9:00 AM-2:00 PM;,,,,,,,-77.028494,38.887743,,Y,N,N,N,N,N,Y,Y,N,Y,Y,N,Y,Y,Y,Y,N,Y,N,N,Y,Y,Y,N,N,N,Y,N,Y,Y,Y,N,N,N,N,7/2/2020 2:41:51 PM
1006681,133.2 MILFORD - DOWNTOWN FARMERS’ MARKET,http://www.downtowntownmilfordfarmersmarket.com,https://www.facebook.com/Milfordmarket,,,,108 West Main Street (Wasson Field),Milford,New Haven,Connecticut,06460,06/01/2020 to 10/10/2020,Sat: 9:00 AM-12:30 PM;,,,,,,,-73.062096,41.226598,,Y,Y,N,Y,N,N,Y,N,Y,Y,Y,N,Y,Y,Y,Y,Y,Y,N,N,Y,Y,Y,Y,Y,N,Y,N,Y,N,Y,Y,N,N,N,9/10/2020 5:36:52 PM
1019682,133.8 Myersville Farmers Market,http://www.myersvillefarmersmarket.com,https://www.facebook.com/myersvillefarmersmarket,,,http://instagram.com/myersvillefarmersmarket,301 Main Street,Myersville,Frederick,Maryland,21773,04/13/2019 to 10/26/2019,Sat: 9:00 AM-12:00 PM;,11/16/2019 to 04/04/2020,Sat: 7:00 AM-10:30 AM;,,,,,-77.565240,39.505519,,Y,N,N,N,N,N,Y,Y,Y,Y,Y,N,Y,Y,Y,Y,N,Y,N,N,Y,Y,Y,Y,N,Y,N,N,Y,N,N,N,N,N,Y,8/13/2019 3:37:03 PM
1019683,134.5 Middletown Farmers' Market,http://www.middletownmdfarmersmarket.com,https://www.facebook.com/middletownmdfarmersmarket,http://www.twitter.com/mtownfarmersmkt,,http://instagram.com/middletownfarmers,12 S Church St,Middletown,Frederick,Maryland,21769,05/02/2019 to 10/17/2019,Thu: 4:00 PM-7:00 PM;,,,,,,,-77.545310,39.441867,,Y,N,N,N,N,Y,Y,Y,Y,Y,Y,N,Y,Y,Y,Y,N,Y,N,N,Y,Y,Y,Y,N,Y,N,N,Y,N,N,N,Y,N,N,8/13/2019 3:43:32 PM
1003269,135.3 Kingston Farmers' Market,http://www.kingstonfarmersmarket.org,Facebook.com/kingstonfarmersmarket,,,@kingstonfarmersmarket,Wall Street - Uptown Kingston,Kingston,Ulster,New York,12402,01/01/2019 to 04/27/2019,Sat: 10:00 AM-2:00 PM;,05/11/2019 to 11/17/2019,Sat: 9:00 AM-2:00 PM;,,,,,-74.019483,41.932986,,Y,Y,Y,Y,Y,Y,Y,Y,Y,Y,Y,Y,Y,Y,Y,Y,Y,Y,N,Y,Y,Y,Y,Y,Y,Y,Y,N,Y,Y,Y,Y,Y,N,Y,1/2/2019 12:28:30 PM
1019490,136.5 McLean ,https://www.fairfaxcounty.gov/parks/farmersmarkets/mclean,https://www.facebook.com/events/909125412812849/,,,@fairfaxfarmmarkets,1659 Chain Bridge Rd,McLean,Fairfax,Virginia,22101,05/03/2019 to 11/15/2019,Fri: 8:00 AM-12:00 PM;,,,,,,,-77.192913,38.943545,,Y,N,N,N,N,N,Y,Y,N,N,Y,N,Y,Y,Y,Y,N,Y,N,N,Y,Y,Y,N,N,N,N,N,Y,N,Y,N,N,N,N,4/25/2019 2:12:06 PM
1018807,136.7 Orange Community Farmers' Market,http://farmmarketorange.com,facebook.com/OrangeCTFarmersMarket,,,,525 Orange Center Road,Orange ,New Haven,Connecticut,06477,06/28/2018 to 09/27/2018,Thu: 3:30 PM-7:00 PM;,,,,,,,-73.0210587,41.2735586,,Y,Y,Y,N,N,N,Y,N,Y,Y,Y,N,N,Y,Y,Y,Y,Y,N,N,N,N,Y,Y,N,N,Y,Y,Y,N,N,N,Y,N,N,8/8/2018 10:34:46 AM
1019487,137.8 McCutcheon/Mount Vernon ,https://www.fairfaxcounty.gov/parks/farmersmarkets/mccutcheon-mount-vernon,https://www.facebook.com/events/424552635030264,,,@fairfaxfarmmarkets,2501 Sherwood Hall Lane,Alexandria ,Fairfax,Virginia,22306,05/01/2019 to 12/18/2019,Wed: 8:00 AM-12:00 PM;,,,,,,,-77.082026,38.818343,,Y,N,N,N,Y,N,Y,Y,N,Y,Y,Y,Y,Y,Y,Y,N,Y,N,N,N,N,Y,N,N,N,Y,N,Y,N,Y,N,N,N,N,4/25/2019 1:17:39 PM
1019038,139.8 Woodstock Farm Festival,https://www.woodstockfarmfestival.org/,https://www.facebook.com/woodstockfarmfestival/,,,https://www.instagram.com/woodstockfarmfest/,6 Maple Lane,Woodstock,Ulster,New York,12498,05/30/2018 to 10/17/2018,Wed: 3:30 AM-8:00 PM;,,,,,,,-74.117834,42.040522,,Y,Y,Y,Y,Y,Y,Y,N,N,Y,Y,Y,Y,Y,Y,Y,Y,Y,N,N,Y,Y,Y,Y,N,N,N,N,Y,N,N,Y,N,N,N,4/4/2018 11:27:02 AM
1020054,140.7 NOVA Central Farm Market,http://centralfarmmarkets.com,https://www.facebook.com/CentralFarmMarkets/,@CentralFarmMkts,,,543 Beulah Road,Vienna,Fairfax,Virginia,22180,04/05/2020 to 12/27/2020,Sun: 8:30 AM-1:00 PM;,01/05/2020 to 03/29/2020,Sun: 9:00 AM-1:00 PM;,,,,,-77.264712,38.915538,,Y,Y,N,N,N,Y,Y,Y,N,Y,Y,Y,Y,Y,Y,Y,N,Y,N,Y,Y,Y,Y,Y,N,N,Y,N,Y,Y,N,Y,N,N,Y,8/7/2020 11:00:59 PM
1005940,141.4 CitySeed Edgewood Park Farmers Market,http://www.cityseed.org/edgewood-park,https://www.facebook.com/cityseed/,@CitySeedNH,,instagram: @cityseedhaven ,corner of Whalley Ave. and West Rock Ave.,New Haven,New Haven,Connecticut,06515,05/06/2018 to 12/16/2018,Sun: 10:00 AM-1:00 PM;,,,,,,,-72.958562,41.325348,,Y,Y,Y,Y,Y,Y,Y,Y,N,Y,N,N,Y,Y,N,Y,N,Y,N,N,Y,Y,Y,Y,N,N,N,N,Y,N,N,Y,N,N,N,8/2/2018 12:10:24 PM
1019177,141.4 LVHMC Cascades Farmers' Market,http://www.loudounfarmersmarkets.org,https://www.facebook.com/CascadesFarmersMarket,@LoudounFarmMkts,,,21060 Whitfield Drive,Sterling,Loudoun,Virginia,20165,01/01/2018 to 12/31/2018,Sun: 9:00 AM-1:00 PM;,01/01/2019 to 12/31/2019,Sun: 9:00 AM-1:00 PM;,,,,,-77.395364,39.031603,,Y,N,N,N,Y,Y,Y,Y,Y,Y,Y,Y,Y,Y,Y,Y,N,Y,N,Y,Y,Y,Y,Y,Y,Y,Y,N,Y,Y,Y,Y,Y,N,Y,7/24/2018 3:16:00 PM
1019484,141.6 Annandale Farmers Market ,https://www.fairfaxcounty.gov/parks/farmersmarkets/annandale,https://www.facebook.com/events/557660981411692/,,,@fairfaxfarmmarkets,6621 Columbia Pike,Annandale ,Fairfax,Virginia,,05/02/2019 to ,Thu: 8:00 AM-12:00 PM;,,,,,,,-77.196229,38.832801,,Y,N,N,N,N,N,Y,N,N,Y,Y,N,N,Y,Y,Y,N,Y,N,N,Y,N,Y,N,N,N,Y,N,Y,N,N,N,N,N,N,4/25/2019 12:20:31 PM
1019489,141.6 Wakefield ,https://www.fairfaxcounty.gov/parks/farmersmarkets/wakefield,https://www.facebook.com/events/420079218795888/,,,@fairfaxfarmmarkets,8100 Braddock Road , Annandale ,Fairfax,Virginia,22003,04/17/2019 to 04/30/2019,Wed: 2:00 PM-6:00 PM;,,,,,,,-77.196229,38.832801,,Y,N,N,N,N,N,Y,Y,N,N,Y,N,Y,Y,Y,Y,N,Y,N,N,Y,Y,Y,N,N,N,N,N,Y,N,Y,N,N,N,N,4/25/2019 2:07:36 PM
1005939,142.2 New Haven - CitySeed Downtown Farmers Market,http://cityseed.org/downtown/,https://www.facebook.com/cityseed,@CitySeedNH,,instagram: @cityseedhaven ,Church St. ,New Haven,New Haven,Connecticut,06510,06/27/2018 to 10/31/2018,Wed: 11:00 AM-2:00 PM;,,,,,,,-72.924912,41.307645,,Y,Y,Y,Y,Y,Y,Y,Y,N,Y,N,N,Y,Y,N,Y,N,N,N,N,N,N,Y,N,N,N,Y,N,Y,N,N,N,N,N,N,8/2/2018 12:21:07 PM
1019206,142.2 CitySeed Winter Market,http://cityseed.org/indoor-winter-market/,https://www.facebook.com/cityseed,CitySeedNH,,Instagram: cityseedhaven,115 Water St,New Haven,New Haven,Connecticut,06511,01/01/2018 to 04/01/2018,Sat: 10:00 AM-1:00 PM;,,,,,,,-72.9188338,41.3011808,,Y,Y,Y,Y,Y,Y,Y,Y,N,N,Y,N,N,Y,Y,Y,Y,Y,N,N,N,Y,Y,Y,N,N,Y,N,Y,N,N,Y,Y,N,N,8/2/2018 12:35:23 PM
1005943,142.3 CitySeed Wooster Square Farmers Market,http://cityseed.org/wooster-square/,https://www.facebook.com/cityseed/,@CitySeedNH,,instagram: @cityseedhaven ,DePalma Ct. between Chapel St. and Wooster St.,New Haven,New Haven,Connecticut,06511,04/07/2018 to 12/15/2018,Sat: 9:00 AM-1:00 PM;,,,,,,,-72.917848,41.303232,,Y,Y,Y,Y,Y,Y,Y,Y,N,Y,Y,Y,Y,Y,Y,Y,Y,Y,N,N,Y,Y,Y,Y,N,N,Y,N,Y,N,N,Y,Y,N,N,8/2/2018 12:22:10 PM
1019493,142.5 Reston ,https://www.fairfaxcounty.gov/parks/farmersmarkets/reston,https://www.facebook.com/events/2109984659095016/,,,@fairfaxfarmmarkets,1609 Washington Plaza,Reston ,Fairfax,Virginia,20190,04/20/2019 to ,Sat: 8:00 AM-12:00 PM;,,,,,,,-77.342215,38.948449,,Y,N,N,N,Y,N,Y,Y,N,Y,Y,Y,N,Y,Y,Y,N,Y,N,Y,Y,N,Y,N,N,N,N,N,Y,N,Y,N,N,N,N,4/25/2019 2:25:37 PM
1019488,143.4 Oak Marr,https://www.fairfaxcounty.gov/parks/farmersmarkets/oak-marr,https://www.facebook.com/events/344006939558658/,,,@fairfaxfarmmarkets,3200 Jermantown Road,Oakton,Fairfax,Virginia,22124,05/01/2019 to 11/13/2019,Wed: 8:00 AM-12:00 PM;,,,,,,,-77.302226,38.889444,,Y,N,N,N,N,N,Y,Y,N,Y,Y,N,Y,Y,Y,Y,N,Y,N,N,Y,N,Y,N,N,N,N,N,Y,N,Y,N,N,N,N,4/25/2019 2:00:30 PM
1019486,143.5 Herndon Farmers Market ,https://www.fairfaxcounty.gov/parks/farmersmarkets/herndon,https://www.facebook.com/events/804594679906261/,,,@fairfaxfarmmarkets,768 Lynn Street ,Herndon ,Fairfax,Virginia,20170,04/18/2019 to 11/14/2019,Thu: 8:00 AM-12:30 PM;,,,,,,,-77.387108,38.970411,,Y,N,N,N,Y,N,Y,N,N,Y,Y,N,Y,Y,Y,Y,N,N,N,N,Y,N,Y,N,N,N,N,N,Y,N,Y,N,N,N,N,4/25/2019 1:09:59 PM
1005941,143.8 CitySeed Fair Haven Farmers Market,http://cityseed.org/fair-haven/,https://www.facebook.com/cityseed,@CitySeedNH,,instagram: @cityseedhaven ,Corner of Front St. and Grand Ave. ,New Haven,New Haven,Connecticut,06513,07/05/2018 to 10/25/2018,Thu: 3:00 PM-6:00 PM;,,,,,,,-72.888848,41.308956,,Y,Y,Y,Y,Y,Y,Y,N,N,N,N,N,N,Y,Y,Y,N,N,N,N,N,N,N,N,N,N,N,N,Y,N,N,N,N,N,N,8/2/2018 12:16:44 PM
1019491,144.7 Kingstowne,https://www.fairfaxcounty.gov/parks/farmersmarkets/kingstowne,https://www.facebook.com/events/388112988700408/,,,@fairfaxfarmmarkets,5870 Kingstowne Towne Center,Alexandrida ,Fairfax,Virginia,22315,05/03/2019 to 10/25/2019,Fri: 4:00 PM-7:00 PM;,,,,,,,-77.276198,38.8347926,,Y,N,N,N,N,N,Y,Y,N,N,Y,N,Y,Y,Y,Y,N,Y,N,N,Y,Y,Y,N,N,N,Y,N,Y,N,Y,N,N,N,N,4/25/2019 2:16:52 PM
1018455,145.3 North St. Mary's County Farmers Market,https://www.visitstmarysmd.com/food-drink/detail/north-st.-marys-county-farmers-market,,,,,37600 New Market Turner Road,Charlotte Hall,St. Mary's,Maryland,20622,05/01/2018 to 10/31/2018,Mon: 8:00 AM-6:00 PM;Tue: 8:00 AM-6:00 PM;Wed: 8:00 AM-6:00 PM;Thu: 8:00 AM-6:00 PM;Fri: 8:00 AM-6:00 PM;Sat: 8:00 AM-6:00 PM;,,,,,,,-76.775630,38.473539,,Y,Y,N,Y,N,-,Y,N,Y,Y,Y,N,N,Y,Y,Y,N,N,N,N,Y,N,Y,Y,Y,Y,N,Y,Y,N,N,N,N,N,N,7/30/2018 7:51:13 AM
1019186,145.6 Fairfax Community Farmers' Market,http://www.FairfaxSaturdayMarket.com,https://www.facebook.com/FairfaxSaturdayMarket/,,,,10500 Page Avenue,Fairfax,Fairfax,Virginia,22030,05/12/2018 to 10/27/2018,Sat: 8:00 AM-1:00 PM;,,,,,,,-77.308647,38.846056,,Y,N,N,N,N,-,Y,Y,Y,Y,Y,Y,Y,Y,Y,Y,N,Y,N,N,Y,Y,Y,Y,N,N,Y,N,Y,N,Y,N,Y,N,N,7/26/2018 8:20:07 PM
1019175,146.1 LVHMC Leesburg Farmers Market,http://www.loudounfarmersmarkets.org,https://www.facebook.com/LeesburgFarmersMarket/,@LoudounFarmMkts,,,"101 Catoctin Circle, S. E.",Leesburg,Loudoun,Virginia,20175,05/05/2018 to 10/27/2018,Sat: 8:00 AM-12:00 PM;,11/03/2018 to 04/27/2019,Sat: 9:00 AM-12:00 PM;,,,,,-77.565734,39.107555,,Y,N,N,N,Y,Y,Y,Y,Y,Y,Y,N,Y,Y,Y,Y,Y,Y,N,Y,Y,Y,Y,Y,Y,Y,Y,N,Y,N,Y,N,Y,N,Y,7/24/2018 2:45:15 PM
1019176,146.5 LVHMC Loudoun Station Farmers Market,,https://www.facebook.com/LoudounStationFarmersMarket/,@LoudounFarmMkts,,,Gramercy Park Drive and Central Station Drive,Ashburn,Loudoun,Virginia,20147,05/05/2018 to 10/27/2018,Sat: 9:00 AM-1:00 PM;,,,,,,,-77.489597,39.006277,,Y,N,N,N,N,Y,Y,Y,Y,Y,Y,N,Y,Y,Y,Y,N,Y,N,N,N,Y,Y,Y,N,N,Y,N,Y,Y,N,N,Y,N,N,7/24/2018 2:57:44 PM
1019492,146.9 Burke ,https://www.fairfaxcounty.gov/parks/farmersmarkets/burke,https://www.facebook.com/events/786233015044186/,,,@fairfaxfarmmarkets,5671 Roberts Parkway,Burke,Fairfax,Virginia,22015,04/13/2019 to 12/21/2019,Sat: 8:00 AM-12:00 PM;,,,,,,,-77.263568,38.776991,,Y,N,N,N,N,Y,Y,Y,N,Y,Y,Y,Y,Y,Y,Y,N,Y,N,Y,Y,Y,Y,N,N,N,Y,N,Y,N,Y,N,Y,N,N,4/25/2019 2:21:52 PM
1019394,"147.7 Watertown, CT Farmers' Market",,https://www.facebook.com/Watertown-CT-Farmers-Market-296552447624881/,,,,690 Thomaston Rd.,Watertown,Litchfield,Connecticut,06795,07/06/2019 to 10/19/2019,Sat: 9:00 AM-1:00 PM;,,,,,,,-73.106489,41.622580,,Y,Y,N,Y,N,-,Y,Y,Y,Y,Y,N,Y,Y,Y,Y,N,N,N,N,Y,Y,N,Y,N,N,N,N,N,N,N,N,N,N,N,2/17/2019 12:54:20 PM
1018459,148.2 California Farmers Market,https://www.visitstmarysmd.com/food-drink/detail/california-farmers-market,https://www.facebook.com/CaliforniaBAEFarmersMarket,,,,22810 Three Notch Road,California,St. Mary's,Maryland,20619,04/21/2018 to ,Sat: 9:00 AM-1:00 PM;,,,,,,,-76.499596,38.294524,,Y,Y,N,N,N,Y,Y,N,Y,Y,Y,N,Y,Y,Y,Y,N,Y,N,N,Y,Y,Y,N,N,Y,N,N,Y,N,N,N,N,N,N,7/30/2018 7:54:04 AM
1019506,148.7 La Plata Farmers Market - Saturday,https://townoflaplata.org/farmersmarket,https://www.facebook.com/LaPlataFarmersMarket/,,,https://www.instagram.com/lpmdmarketmaster/,209 Washington Ave,La Plata,Charles,Maryland,20646,04/06/2019 to 11/30/2019,Wed: 8:00 AM-5:00 PM;Sat: 8:00 AM-3:00 PM;,,,,,,,-76.978699,38.531647,,Y,Y,N,Y,N,N,Y,N,Y,Y,Y,Y,Y,Y,Y,Y,Y,Y,N,N,Y,Y,Y,Y,Y,Y,Y,Y,Y,N,Y,N,N,N,N,5/7/2019 4:02:37 PM
1019494,148.8 Lorton ,https://www.fairfaxcounty.gov/parks/farmersmarkets/lorton,https://www.facebook.com/events/1096089703908635/,,,@fairfaxfarmmarkets,8990 Lorton Station Blvd,Lorton ,Fairfax,Virginia,22079,05/05/2019 to 11/17/2019,Sun: 9:00 AM-1:00 PM;,,,,,,,-77.216355,38.698239,,Y,N,N,N,Y,N,Y,Y,N,N,Y,N,Y,Y,Y,N,N,Y,N,N,N,Y,Y,N,N,N,Y,N,Y,N,Y,N,N,N,N,4/25/2019 2:29:41 PM
1018458,149.2 Home Grown Farm Market,http://homegrownfarmmarket.webs.com,https://www.facebook.com/homegrownfarmmarket,,,,21078 Three Notch Road,Lexington Park ,St. Mary's,Maryland,20653,03/24/2018 to 12/22/2018,Sat: 9:00 AM-1:00 PM;,06/20/2018 to 08/29/2018,Wed: 10:00 AM-2:00 PM;,,,,,-76.420927,38.247929,,Y,Y,N,Y,Y,Y,Y,Y,Y,Y,Y,N,Y,Y,Y,Y,N,Y,N,N,Y,Y,N,Y,N,Y,Y,N,Y,N,N,N,N,N,N,7/30/2018 7:52:40 AM
1019679,149.2 Litchfield Hills Farm-Fresh Market,http://www.litchfieldhillsfarmfresh-ct.org,,,,,421 Bantam Rad,Litchfield,Litchfield,Connecticut,06759,10/19/2019 to 06/13/2020,Sat: 10:00 AM-1:00 PM;,,,,,,,-73.215193,41.740678,,Y,Y,N,Y,Y,Y,Y,Y,N,N,Y,N,Y,Y,Y,Y,Y,Y,N,N,N,Y,N,Y,N,N,Y,N,Y,N,N,Y,N,N,N,8/9/2019 10:31:51 AM
1019678,150.3 Litchfield Hills Farm-Fresh Market,http://www.litchfieldhillsfarmfresh-ct.org,https://www.facebook.com/LHFFM/?ref=br_rs,https://twitter.com/search?src=typd&q=Litchfield%20Hills%20Farm-Fresh,,https://www.instagram.com/litchfieldhillsfarmfreshmarket/,West Street and Woodruff Lane,Litchfeild,Litchfield,Connecticut,06759,06/15/2019 to 10/12/2019,Sat: 10:00 AM-1:00 PM;,,,,,,,-73.189724,41.743812,,Y,Y,N,Y,Y,Y,Y,Y,N,Y,Y,N,Y,Y,Y,Y,Y,Y,N,N,Y,Y,N,Y,N,N,Y,N,Y,N,N,Y,N,N,N,8/9/2019 10:24:08 AM
1019868,151.5 Purcellville Farmers' Market,https://www.purcellvillefarmersmarket.com/,https://www.facebook.com/PurcellvilleFarmersMarket/,,,https://www.instagram.com/purcellvillefarmersmarket/,717 E Main Street,Purcellville,Loudoun,Virginia,20132,04/04/2020 to 11/28/2020,Sat: 9:00 AM-1:00 PM;,12/05/2020 to ,Sat: 10:00 AM-1:00 PM;,,,,,-77.703843,39.136603,,Y,N,N,N,N,-,Y,Y,Y,Y,Y,N,Y,Y,Y,Y,Y,Y,N,N,Y,Y,N,Y,N,N,Y,N,Y,N,Y,N,Y,N,N,5/20/2020 5:02:13 PM
1018886,154.1 Charles Town Farmers Market,https://ctfm.jeffersongap.org,"Charles Town Farmers Market, WV",,,,100 block of South Samuel Street,Charles Town,Jefferson,West Virginia,25414,05/02/2020 to 10/31/2020,Sat: 9:00 AM-12:00 PM;,,,,,,,-77.858454,39.289073,,Y,Y,N,Y,Y,N,Y,Y,Y,Y,Y,N,Y,Y,Y,Y,Y,Y,N,N,Y,Y,N,Y,N,N,Y,N,Y,N,Y,Y,N,N,N,9/16/2020 12:05:56 PM
1019094,155.0 East Side Farmers' Market,http://chemung.cce.cornell.edu/agriculture/buy-local/farmers-markets,https://www.facebook.com/EastSideMarketElmiraNY/,,,,760 E Water St Elmira,Elmira,Chemung,New York,14901,06/15/2018 to 10/12/2018,Fri: 2:30 PM-6:00 PM;,,,,,,,-76.793909,42.088765,,Y,Y,N,Y,Y,-,Y,Y,Y,N,Y,N,N,Y,Y,Y,Y,Y,N,N,Y,Y,Y,Y,N,N,N,N,Y,N,N,Y,N,N,N,5/10/2018 1:57:24 PM
1019622,158.4 LVHMC Bluemont Farmers Market,http://www.loudounfarmersmarkets.org,https://www.facebook.com/BluemontFarmersMarket/,,,https://www.instagram.com/loudounfarmmkts/,"EE Lake General Store, 33721 Snickersville Turnpike",Bluemont,Loudoun,Virginia,20135,06/02/2019 to 09/01/2019,Sun: 10:00 AM-2:00 PM;,,,,,,,-77.833365,39.110875,,Y,N,N,N,N,Y,Y,N,Y,Y,Y,N,Y,Y,N,Y,N,Y,N,Y,N,N,N,Y,N,N,N,N,Y,N,N,N,N,N,N,7/15/2019 2:54:02 PM
1005674,160.3 Hudson Farmers Market,http://www.hudsonfarmersmarketny.com,https://www.facebook.com/hudson.markt,,,,Corner of Columbia and Sixth Streets,Hudson,Columbia,New York,12534,05/01/2019 to 11/01/2019,Sat: 9:00 AM-1:00 PM;,,,,,,,-73.7836920,42.2486560,,Y,Y,Y,Y,Y,Y,Y,Y,Y,Y,Y,Y,Y,Y,Y,Y,Y,Y,N,Y,Y,Y,Y,Y,N,Y,Y,Y,Y,Y,Y,Y,N,N,Y,12/26/2018 11:16:53 AM
1010614,162.5 NORFOLK FARMERS’ MARKET,http://www.norfolkfarmersmarket.org,https://www.facebook.com/NorfolkFarmersMarket,,,,19 Maple Avenue,Norfolk,Litchfield,Connecticut,06058,,Sat: 10:00 AM-1:00 PM;,,,,,,,-73.1978730,41.9907390,,Y,N,N,N,N,Y,Y,Y,Y,Y,Y,N,Y,Y,Y,Y,Y,Y,N,Y,Y,N,Y,Y,Y,N,Y,N,Y,N,Y,Y,N,N,N,9/12/2020 8:01:26 AM
1019008,162.6 Norwich Farmers Market,http://www.lambsquartersinc.com,Norwich NY Farmers Market,,,,2-75 North Broad Street,Norwich,Chenango,New York,13815,01/01/2018 to 12/31/2018,Mon: -11:00 PM;Tue: -11:00 PM;Wed: 10:00 AM-4:00 PM;Thu: -11:00 PM;Fri: -11:00 PM;Sat: -11:00 PM;Sun: -11:00 PM;,,,,,,,-75.523491,42.531490,,Y,Y,Y,Y,Y,N,Y,Y,Y,Y,Y,N,Y,Y,Y,Y,Y,Y,N,Y,N,Y,N,Y,N,N,Y,Y,Y,Y,N,Y,N,N,Y,3/14/2018 2:33:08 PM
1001290,163.4 Collinsville Farmers Market,http://www.collinsvillefarmersmarket.org,https://www.facebook.com/collinsvillefarmersmarket1,@CollinsvilleFM,,,Main St. and Route 179,Collinsville,Hartford,Connecticut,06019,06/10/2018 to 10/28/2018,Sun: 10:00 AM-1:00 PM;,,,,,,,-72.923264,41.810819,,Y,Y,Y,N,Y,Y,Y,Y,N,Y,Y,N,Y,Y,Y,Y,Y,Y,N,N,Y,N,N,Y,N,Y,N,N,Y,N,Y,N,N,N,N,7/27/2018 4:40:54 AM
1002060,163.6 Philmont Farmers' Market ,http://www.philmontcooperative.com,,,,,116 Main St. - opposite Local 111 restaurant ,Village of Philmont,Columbia,New York,12565,01/01/2018 to 12/31/2018,Fri: 4:00 PM-7:00 PM;Sun: 10:00 AM-2:00 PM;,,,,,,,-73.649443,42.249303,,Y,N,Y,Y,Y,Y,Y,Y,Y,Y,Y,N,Y,Y,Y,Y,Y,Y,N,N,Y,Y,Y,Y,N,N,N,N,Y,N,N,N,N,N,N,7/26/2018 5:45:58 PM
1005183,164.8 Berkeley Springs Farmers Market,http://www.berkeleyspringsfarmersmarket.com,https://www.facebook.com/pages/Berkeley-Springs-Farmers-Market/354062496235,,,IG @bsfarmersmarket,129 Fairfax Street at Washington Street/522,Berkeley Springs,Morgan,West Virginia,25411,04/01/2018 to 12/09/2018,Sun: 10:00 AM-2:00 PM;,,,,,,,-78.227534,39.624722,,Y,N,N,Y,Y,Y,Y,Y,Y,Y,Y,N,Y,Y,Y,Y,N,Y,N,N,Y,Y,Y,Y,N,N,Y,N,Y,N,Y,Y,N,N,Y,7/27/2018 9:13:52 AM
1019126,164.9 Avon Library Farmers Market,,https://www.facebook.com/avonfreepubliclibrary/,,,@afplct (instagram),"281 COUNTRY CLUB RD., C/O AVON LIBRARY",AVON,Hartford,Connecticut,06001,07/02/2018 to 08/27/2018,Mon: 4:00 PM-7:00 PM;,,,,,,,-72.8604480,41.7897100,,Y,Y,Y,Y,Y,Y,Y,Y,N,Y,Y,N,N,Y,N,Y,N,N,N,N,N,N,Y,Y,N,N,N,N,Y,N,N,N,Y,N,N,6/7/2018 3:20:11 PM
1019120,170.0 King George Farmers Market,,@KingGeorgeFarmersMarket,,,,King George Middle School at 8246 Dahlgren Rd, King George,King George,Virginia,22485,04/28/2018 to 10/27/2018,Sat: 8:00 AM-12:00 PM;,,,,,,,-77.202800,38.276780,,Y,N,N,N,Y,N,Y,N,Y,Y,Y,Y,Y,Y,Y,Y,N,Y,N,N,Y,N,Y,Y,N,N,Y,N,Y,N,Y,N,N,N,N,7/16/2020 10:04:35 AM
1019286,"170.8 Public Market Palooza East Hampton, CT",,http://www.facebook.com/publicmarketpalooza,,,,265 W Main Street,East Hampton,Middlesex,Connecticut,06424,10/05/2018 to 11/30/2018,Fri: 2:00 PM-7:00 PM;,,,,,,,-72.494904,41.572605,,Y,N,N,N,N,-,Y,Y,Y,Y,N,N,Y,Y,Y,Y,Y,N,N,Y,Y,Y,Y,Y,Y,N,Y,Y,Y,N,Y,Y,Y,N,N,9/27/2018 3:12:38 PM
1019042,171.2 Connecticut's Old State House Farmers Market,https://www.cga.ct.gov/osh/farmersmkt.asp,facebook.com/ctoldstatehouse,twitter.com/ctoldstatehouse,,instagram.com/ctoldstatehouse,800 Main Street,Hartford,Hartford,Connecticut,06103,06/12/2018 to 10/30/2018,Tue: 10:00 AM-2:00 PM;Fri: 10:00 AM-2:00 PM;,,,,,,,-72.672892,41.766118,,Y,N,N,Y,N,-,Y,Y,Y,Y,Y,N,Y,Y,Y,Y,Y,Y,N,N,Y,N,N,Y,N,N,N,N,Y,N,N,N,N,N,N,4/6/2018 10:41:29 AM
1021211,171.2 Heathsville Farmers Market,http://www.rhhtfoundationinc.org,https://www.facebook.com/RHHTFoundationinc,,,,73 Monument Place,Heathsville,Northumberland,Virginia,22473,04/18/2020 to 10/17/2020,Sat: 9:00 AM-1:00 PM;,,,,,,,-76.473204,37.916391,,Y,N,N,N,N,-,Y,N,Y,Y,N,Y,N,Y,N,Y,N,Y,N,Y,N,N,Y,Y,N,N,N,N,Y,N,N,N,N,N,N,9/12/2020 8:10:39 PM
1011901,171.6 Montour Falls Farmers Market,http://www.montourfallsfarmersmarket.com,https://www.facebook.com/Montour-Falls-Library-140122486056562,,,,300 West Main Street,Montour Falls,Schuyler,New York,14865,05/03/2018 to 10/04/2018,Thu: 4:00 PM-7:00 PM;,,,,,,,-76.847748,42.346431,,Y,Y,Y,Y,Y,Y,Y,Y,N,Y,Y,N,Y,Y,Y,Y,Y,Y,N,N,Y,Y,Y,N,N,Y,Y,N,Y,N,N,Y,N,N,Y,8/8/2018 9:44:15 AM
1012308,176.2 Festival Farmers Market,,,,,,942 Main Street, Cobleskill,Schoharie,New York,12043,07/14/2018 to 10/13/2018,Wed: 3:00 PM-5:00 PM;Sat: 10:00 AM-2:00 PM;,,,,,,,-74.4669868,42.6792512,,Y,Y,Y,Y,Y,N,Y,Y,Y,Y,Y,N,Y,Y,Y,Y,Y,Y,N,N,Y,Y,N,Y,N,N,N,N,Y,N,N,N,N,N,N,7/27/2018 1:07:35 PM
1019969,178.1 Manchester's Spruce Street Market,http://naf1.townofmanchester.org/index.cfm/spruce-street-market/,sprucestreetmarketct,,,Instagram: sprucestreetmarket,163 Spruce St.,Manchester,Hartford,Connecticut,06040,07/01/2020 to 08/19/2020,Wed: 4:30 PM-7:30 PM;,,,,,,,-72.518324,41.781503,,Y,N,Y,Y,Y,N,Y,N,N,N,Y,N,Y,Y,Y,Y,Y,Y,N,N,N,N,Y,N,N,N,N,N,Y,N,N,N,N,Y,N,7/23/2020 3:50:03 PM
1019782,181.9 Spotsylvania Farmers Market - VDOT Commuter Parking Lot,http://SpotsylvaniaFarmersMarket.com,https://www.facebook.com/SpotsyFarmersMarket/,@spotsyfarmmkt,,,12150 Gordon Road,Fredericksburg,Spotsylvania,Virginia,22170,04/11/2020 to 12/19/2020,Sun: 8:00 AM-1:00 PM;,,,,,,,-77.559528,38.289909,,Y,N,N,N,Y,-,Y,Y,N,Y,Y,Y,Y,Y,Y,Y,N,Y,N,N,Y,Y,Y,Y,Y,N,Y,N,Y,N,N,Y,Y,N,N,3/4/2020 7:45:48 PM
1019452,182.0 Spotsylvania Farmers Market - VDOT Commuter Parking Lot,http://www.spotsylvaniafarmersmarket.com,https://www.facebook.com/SpotsyFarmersMarket/,@spotsyfarmmkt,,,12150 Gordon Road,Fredericksburg,Spotsylvania,Virginia,22407,04/13/2019 to 12/21/2019,Sat: 8:00 AM-1:00 PM;,01/11/2020 to ,Sat: 9:00 AM-12:00 PM;,,,,,-77.563047,38.290380,,Y,N,N,N,Y,N,Y,Y,N,Y,Y,Y,Y,Y,Y,Y,N,Y,N,N,Y,Y,Y,Y,Y,N,Y,N,Y,N,Y,Y,Y,N,Y,4/6/2019 9:53:21 PM
1001925,182.3 Voorheesville Farmers Market,,https://www.facebook.com/VoorheesvilleFarmersMarket,,,,68 Maple Ave.,Voorheesville,Albany,New York,12186,06/19/2019 to 10/02/2019,Wed: 3:30 PM-6:30 PM;,,,,,,,-73.930027,42.649656,,Y,N,N,N,Y,-,Y,Y,N,Y,Y,N,Y,Y,Y,Y,Y,Y,N,N,Y,Y,Y,Y,N,N,N,N,Y,N,N,N,N,N,N,12/21/2018 4:00:14 PM
1019308,182.5 Delmar Farmers Market,http://delmarmarket.org,delmarmarket,@delmarmarket,,,332 Kenwood Ave,Delmar,Albany,New York,12054,05/05/2018 to 12/22/2018,Sun: 9:00 AM-1:00 PM;,,,,,,,-73.825895,42.619919,,Y,N,Y,Y,Y,Y,Y,Y,Y,Y,Y,Y,Y,Y,N,N,Y,Y,N,N,Y,Y,Y,Y,Y,Y,Y,N,Y,Y,N,Y,Y,N,N,10/19/2018 6:32:07 PM
1018898,183.0 Ellington Winter Farmers' Market,http://Www.ellingtonfarmersmarket.com,Www.facebook.com/ellingtonfarmersmarket ,Twitter.com/EllingtonFM,,Www.instagram.com/ellingtonfm,11 Pinney St,Ellington ,Tolland,Connecticut,06029,,Sat: 2:00 PM-4:00 PM;,,,,,,,-72.4903500,41.8697886,,Y,Y,N,Y,Y,-,Y,Y,Y,N,Y,Y,Y,Y,Y,Y,Y,Y,N,Y,N,Y,Y,Y,N,N,N,N,Y,N,N,Y,Y,N,N,1/2/2018 8:41:50 AM
1019784,183.2 Spotsylvania Farmers Market - Spotsylvania Regional Medical Center,https://www.spotsylvaniafarmersmarket.com/,https://www.facebook.com/SpotsyFarmersMarket/,@SpotsyFarmMkt,,,4600 Spotsylvania Parkway,Spotsylvania,Spotsylvania,Virginia,22407,05/06/2020 to 09/09/2020,Wed: 2:00 PM-6:00 PM;,,,,,,,-77.495899,38.219747,,Y,N,N,N,Y,-,Y,N,N,N,Y,N,Y,Y,N,Y,N,Y,N,N,Y,N,Y,N,N,N,N,N,Y,N,N,N,Y,N,N,3/4/2020 7:58:49 PM
1018841,184.6 Westfield Farmers' Market - Winter,http://westfieldfarmersmarket.net,Westfield Farmers' Market,,,,36 Court Street,Westfield ,Hampden,Massachusetts,01085,11/17/2018 to 11/17/2018,Sat: 10:00 AM-3:00 PM;,12/08/2018 to 12/08/2018,Sat: 10:00 AM-3:00 PM;,02/09/2019 to 02/09/2019,Sat: 10:00 AM-3:00 PM;,,,-72.7516316,42.1196339,,Y,Y,Y,Y,Y,Y,Y,Y,Y,N,Y,N,Y,Y,Y,Y,Y,Y,N,N,N,N,Y,Y,N,Y,Y,N,Y,N,N,Y,Y,N,Y,9/28/2018 2:11:45 PM
1019325,184.7 Coventry Farmers' Market (formerly Coventry Regional Farmers' Market),http://www.coventryfarmersmarket.org,www.facebook.com/coventryfarmersmarket,@coventryfarmmkt,,www.instsgram.com/coventryfarmersmarket,2299 South St. ,Coventry,Tolland,Connecticut,06238,06/02/2019 to 10/27/2019,Sun: 11:00 AM-2:00 PM;,,,,,,,-72.345186,41.764283,,Y,Y,N,N,N,Y,Y,Y,Y,Y,Y,Y,Y,Y,Y,Y,Y,Y,N,Y,Y,Y,Y,Y,Y,Y,Y,N,Y,N,Y,Y,Y,N,N,12/6/2018 3:52:01 PM
1019079,185.1 East Greenbush Library & YMCA Farmers Market,https://eastgreenbushlibrary.org/events-newsletters/farmers-market/,https://www.facebook.com/EastGreenbushLibraryYMCAFarmerMarket/,@eglibrary,,Instagram: @eglibrary,Between 10 and 20 Community Way in parking lot,East Greenbush,Rensselaer,New York,12061,06/13/2018 to 10/03/2018,Wed: 4:00 PM-7:00 PM;,,,,,,,-73.695566,42.618063,,Y,Y,N,N,N,-,Y,Y,N,N,Y,N,N,Y,Y,Y,Y,N,N,Y,N,N,Y,Y,Y,Y,N,N,Y,N,N,N,Y,N,N,4/30/2018 11:54:05 AM
1018900,185.4 Ellington Farmers Market,http://www.ellingtonfarmersmarket.com,https://www.facebook.com/ellingtonfarmersmarket/,https://twitter.com/EllingtonFM,https://www.youtube.com/channel/UChxlu0EBdSd_NfWvOTHi1cA,https://www.instagram.com/ellingtonfm/,Main ST,Ellington,Tolland,Connecticut,06029,05/12/2018 to 10/20/2018,Sat: 9:00 AM-12:00 PM;,,,,,,,-72.4681079,41.9036393,,Y,Y,N,Y,Y,-,Y,Y,Y,Y,Y,Y,Y,Y,Y,Y,Y,Y,N,Y,Y,Y,Y,Y,Y,N,Y,N,Y,N,Y,Y,Y,N,N,1/2/2018 8:55:42 AM
1019626,185.4 The Farmers Market at Tiffany Farms,https://www.tiffanyfarmsct.com/new-page,"From the Farm, LLC",,,@fromthefarmllc,156 Sterling City Road,Lyme,New London,Connecticut,06371,06/15/2019 to 10/12/2019,Sat: 9:30 AM-1:30 PM;,,,,,,,-72.101949,41.4878526,,Y,Y,N,N,N,N,Y,Y,N,Y,Y,Y,Y,Y,N,Y,Y,Y,N,N,N,Y,N,N,N,N,Y,N,Y,N,N,N,N,N,N,7/15/2019 8:47:35 PM
1018113,185.5 Lebanon Farmers Market,http://www.lebanonct.gov,Lebanon Farmers' Market,,,,579 Exeter Road,Lebanon,New London,Connecticut,06249,06/02/2018 to 10/13/2018,Sat: 9:00 AM-12:00 PM;,,,,,,,-72.212877,41.635781,,Y,Y,N,Y,N,Y,Y,Y,Y,Y,Y,N,Y,Y,Y,N,Y,Y,N,N,Y,Y,Y,Y,N,Y,N,N,Y,N,Y,N,N,N,N,7/26/2018 3:40:11 PM
1019499,185.9 Farm to Preschool Market: Mercy Cares for Kids,http://www.sphp.com/mercy-cares-for-kids,,,,,310 S. Manning Blvd,Albany ,Albany,New York,12206,06/12/2019 to 09/25/2019,Wed: 3:30 PM-5:00 PM;,,,,,,,-73.798353,42.665745,,Y,Y,Y,Y,Y,Y,N,N,N,Y,N,N,N,Y,N,N,N,N,N,N,N,N,N,N,N,N,N,N,N,N,N,N,N,N,N,4/30/2019 11:58:28 AM
1012100,190.3 STCC Farmers' Market,,https://www.facebook.com/pages/Springfield-Technical-Community-College/109746082384737?fref=ts,,,,One Armory Square,Springfield,Hampden,Massachusetts,01102,09/05/2018 to 11/14/2018,Wed: 11:30 AM-2:00 PM;,,,,,,,-72.581067,42.108668,,Y,Y,Y,Y,Y,-,Y,N,Y,Y,N,N,Y,Y,Y,Y,Y,Y,N,N,Y,N,Y,Y,N,N,Y,N,Y,N,N,N,N,N,N,8/7/2018 12:24:27 PM
1020023,191.1 Ovid Farmers Market,,https://www.facebook.com/ovidfarmersmarket,,,,Main Street,Ovid,Seneca,New York,14521,06/19/2020 to 09/25/2020,Fri: 3:00 PM-7:00 PM;,,,,,,,-76.822157,42.676729,,Y,N,Y,Y,Y,N,Y,N,Y,Y,Y,N,N,Y,Y,Y,Y,N,N,N,N,N,N,N,N,N,N,N,Y,N,N,N,N,N,N,8/3/2020 2:35:03 PM
1020002,192.4 Troy Waterfront Farmers Market,http://troymarket.org,facebook.com/troywaterfrontfarmersmarket,,,instagram.com/troymarket,Riverfront Park,Troy,Rensselaer,New York,12180,01/01/2020 to 12/31/2020,Sun: 8:30 AM-2:00 PM;,,,,,,,-73.691288,42.732715,,Y,Y,Y,Y,Y,Y,Y,Y,N,Y,Y,Y,Y,Y,Y,Y,Y,Y,N,Y,Y,Y,Y,Y,Y,Y,Y,N,Y,Y,Y,Y,Y,Y,Y,7/31/2020 12:58:07 PM
1011146,192.5 Poestenkill Farmers Market,http://www.poestenkillfarmersmarket.com,http://www.facebook.com/poestenkillfarmersmarket,,,,38 Davis Drive,Poestenkill,Rensselaer,New York,12140,06/16/2018 to 09/29/2018,Sat: 9:00 AM-12:00 PM;,,,,,,,-73.5635307,42.6904758,,Y,N,N,N,N,N,Y,Y,Y,Y,Y,N,Y,Y,Y,Y,Y,Y,N,N,Y,Y,N,Y,N,Y,N,N,Y,N,N,Y,Y,N,N,7/26/2018 4:34:00 PM
1018286,192.7 Village of Aurora Farmers Market,https://auroranyfarmersmarket.com/,https://www.facebook.com/Aurora-Farmers-Market-1619273541646945/,,,,Main Street (Route 90),Aurora,Cayuga,New York,13026,06/02/2018 to 10/20/2018,Sat: 10:00 AM-2:00 PM;,,,,,,,-76.700376,42.745254,,Y,Y,N,Y,N,N,Y,N,Y,Y,Y,N,Y,Y,Y,Y,Y,N,N,N,Y,N,Y,Y,N,Y,Y,N,Y,N,N,N,N,N,N,7/26/2018 4:43:25 PM
1019627,193.5 Scotland Farmers Market,,Scotland Farmer's Market,,,,Rt. 14 & Rt. 97,Scotland,Windham,Connecticut,06264,05/22/2019 to 10/30/2019,Wed: 3:00 PM-6:00 PM;,,,,,,,-72.081503,41.698757,,Y,Y,N,Y,N,-,Y,N,Y,Y,Y,N,Y,Y,Y,Y,Y,Y,N,N,Y,Y,N,Y,N,N,Y,N,Y,N,N,N,N,N,N,7/15/2019 11:13:06 PM
1012766,194.1 Stafford Community Farmers' Market,http://Www.staffordcommunityfarmersmarket.com,Stafford Community Farmers Market,,,,31 Main Street,Stafford Springs,Tolland,Connecticut,06076,06/16/2018 to 10/27/2018,Sat: 9:00 AM-1:00 PM;,,,,,,,-72.304724,41.953553,,Y,Y,N,Y,N,N,Y,Y,Y,Y,Y,N,Y,Y,Y,Y,Y,Y,N,N,Y,Y,Y,Y,Y,N,N,N,Y,N,N,Y,N,N,N,7/26/2018 4:12:04 PM
1019462,194.7 Easthampton Farmers & Makers Market,https://easthamptonmarket.com/,https://www.facebook.com/EasthamptonFarmersMarket,,https://www.buylocalfood.org/directory/listing/easthampton,https://www.instagram.com/easthamptonmarket/,50 Payson Ave,Easthampton,Hampshire,Massachusetts,01027,05/25/2019 to 10/05/2019,Sat: 9:00 AM-1:00 PM;,,,,,,,-72.669638,42.265189,,Y,Y,Y,Y,Y,-,Y,Y,Y,Y,Y,Y,Y,Y,Y,Y,Y,Y,N,Y,Y,Y,Y,Y,N,Y,Y,N,Y,Y,Y,Y,Y,N,Y,4/9/2019 11:31:27 PM
1019119,194.8 RT 639 Farmers Market,,https://www.facebook.com/groups/586850535001520,,,,"7278 Ladysmith Road, ",Ruther Glen,Caroline,Virginia,22546,05/17/2018 to 09/13/2018,Thu: 4:00 PM-8:00 PM;,,,,,,,-77.518506,38.016661,,Y,N,N,N,Y,N,Y,N,Y,Y,Y,N,Y,Y,Y,Y,N,Y,N,Y,N,N,Y,N,N,N,Y,N,Y,N,N,N,Y,N,N,7/16/2020 10:02:41 AM
1007259,195.7 Yates County Cooperative Farm and Craft Market (Penn Yan Market),https://www.facebook.com/PennYan.Farmers.Market,https://www.facebook.com/PennYan.Farmers.Market,,,,"Main Street, North of Elm Street",Penn Yan,Yates,New York,14527,05/25/2019 to 10/12/2019,Sat: 7:30 AM-12:00 PM;,11/23/2019 to 11/23/2019,Sat: 9:00 AM-1:00 PM;,,,,,-77.053889,42.661345,,Y,Y,N,Y,N,Y,Y,Y,Y,Y,Y,N,Y,Y,Y,Y,Y,Y,N,N,Y,Y,N,Y,N,N,N,N,Y,N,N,N,N,N,N,2/3/2019 12:29:07 PM
1019638,196.1 Treasure Lake Farmers Market and Artisan Faire,,,,,,95 Coral Reef,DuBois,Clearfield,Pennsylvania,15801,05/09/2020 to 10/10/2020,Sat: 10:00 AM-3:00 PM;,,,,,,,-78.704999,41.201813,,Y,N,N,N,N,-,Y,Y,Y,Y,Y,N,Y,Y,Y,Y,Y,Y,N,Y,Y,Y,Y,Y,N,Y,Y,N,Y,N,N,N,Y,N,N,7/24/2019 9:11:25 AM
1019823,197.7 Clinton Farmers Market,https://clintonnychamber.org/farmers-market/,https://www.facebook.com/ClintonNYFarmersMarket/,,,https://www.instagram.com/clintonfarmersmarketny/,20 West Park Row,Clinton,Oneida,New York,13323,06/04/2020 to 10/01/2020,Thu: 10:00 AM-4:00 PM;,,,,,,,-75.378462,43.048866,,Y,N,N,N,Y,Y,Y,Y,Y,Y,Y,N,Y,Y,Y,Y,Y,Y,N,Y,Y,Y,Y,Y,Y,N,Y,Y,Y,N,N,Y,Y,N,Y,4/6/2020 10:14:43 AM
1018381,198.7 Clifton Park Farmers' Market,http://www.saratogafarmersmarket.org/clifton-park-farmers-market/,https://www.facebook.com/Clifton-Park-Farmers-Market-440138679349915/,,,,"971 Route 146, Shenendehowa United Methodist Church parking lot ",Clifton Park,Saratoga,New York,12065,06/04/2018 to 10/29/2018,Mon: 2:00 PM-5:00 PM;,,,,,,,-73.809271,42.869606,,Y,Y,N,Y,N,N,Y,N,N,Y,Y,N,N,Y,Y,Y,Y,Y,N,N,N,N,Y,N,N,N,N,N,Y,N,Y,N,N,N,N,8/8/2018 1:13:00 AM
1018504,199.0 Voluntown Farmers' Market ,,https://www.facebook.com/VoluntownFarmersArtisansMarket/,,,https://www.instagram.com/voluntown_farmers_market/,195 Main Street,Voluntown,New London,Connecticut,06384,07/02/2017 to 08/05/2018,Sun: 10:00 AM-1:00 PM;,,,,,,,-71.865502,41.573913,,Y,Y,Y,Y,N,N,Y,N,Y,N,Y,N,Y,Y,Y,N,Y,Y,N,N,N,Y,Y,Y,N,N,N,N,Y,N,N,N,N,N,N,8/2/2018 8:47:39 AM
